totalfirms,size,job_birth,job_continue,job_destruction,year,lat,long,city,state
4504694,0,7875379,10858420,13041794,1977,,,,
16209,0,18731,40530,42012,1977,32401025,-99811409,Abilene, TX
22830,0,32040,28140,46640,1977,31608206,-84165665,Albany, GA
67440,0,114368,117408,182808,1977,35205259,-106712986,Albuquerque, NM
8408,0,7984,12200,17812,1977,31262083,-92476589,Alexandria, LA
4348,0,5106,6052,8366,1977,40479391,-78383313,Altoona, PA
39235,0,59460,69840,98930,1977,35183020,-101860330,Amarillo, TX
13910,0,34656,39332,86760,1977,61191900,-149762097,Anchorage, AK
36532,0,44360,57264,83632,1977,35652020,-82566254,Asheville, NC
12033,0,18980,23754,27926,1977,35296023,-118683344,Bakersfield, CA
4532,0,3912,6604,15200,1977,44833502,-68756626,Bangor, ME
146430,0,251316,386226,388548,1977,30430091,-91051757,Baton Rouge, LA
4126,0,6372,5020,7580,1977,48830987,-122400928,Bellingham, WA
16743,0,23766,27750,36396,1977,45816535,-108460718,Billings, MT
15100,0,19232,26328,36060,1977,42142695,-76018803,Binghamton, NY
13196,0,16600,20040,26896,1977,46850519,-100912175,Bismarck, ND
8176,0,9340,10428,20428,1977,39161997,-86540369,Bloomington, IN
50750,0,85260,152520,132790,1977,43581847,-116438071,Boise City, ID
3496,0,4634,5806,11352,1977,44550169,-73146898,Burlington, NC
3818,0,5600,7388,6088,1977,42918965,-106453302,Casper, WY
23379,0,30492,34638,50634,1977,42029994,-91630559,Cedar Rapids, IA
29865,0,51096,159402,94536,1977,38375285,-81668904,Charleston, WV
25536,0,30768,34284,247032,1977,38024839,-78482829,Charlottesville, VA
76326,0,120816,159144,252768,1977,35015474,-85296429,Chattanooga, TN-GA
2650,0,4184,3896,6156,1977,41196199,-104762083,Cheyenne, WY
20146,0,33372,28780,46672,1977,38865444,-104748828,Colorado Springs, CO
7614,0,9748,8904,14444,1977,38989761,-92313387,Columbia, MO
177732,0,283512,324072,463656,1977,38989761,-92313387,Columbia, SC
16570,0,21380,22560,45700,1977,39974014,-82905954,Columbus, GA-AL
4376,0,6728,12152,10672,1977,39974014,-82905954,Columbus, IN
728680,0,1551280,2387880,2307400,1977,39974014,-82905954,Columbus, OH
34362,0,51054,51516,84756,1977,27811767,-97464192,Corpus Christi, TX
2343,0,3662,2340,3986,1977,44547364,-123330289,Corvallis, OR
6792,0,7276,7188,18408,1977,39566663,-78839658,Cumberland, MD-WV
3346,0,3376,4404,8812,1977,36754822,-79400549,Danville, IL
6624,0,9516,9524,11116,1977,36754822,-79400549,Danville, VA
13656,0,17760,19616,36888,1977,39853136,-88953227,Decatur, AL
8732,0,12784,16860,23668,1977,39853136,-88953227,Decatur, IL
12480,0,12882,21174,31116,1977,31259924,-85440832,Dothan, AL
3123,0,3822,5012,6258,1977,39092714,-75560273,Dover, DE
3479,0,3288,7342,6176,1977,42476090,-90822022,Dubuque, IA
8728,0,10140,12924,17992,1977,44893660,-91368383,Eau Claire, WI
24278,0,40900,44892,93172,1977,31770159,-106351813,El Paso, TX
3070,0,4882,8010,10508,1977,42129017,-76790266,Elmira, NY
8674,0,13444,16634,23330,1977,42052025,-80056979,Erie, PA
12108,0,24456,17480,41400,1977,35056213,-78907247,Fayetteville, NC
2253,0,3552,4176,4570,1977,35919406,-111563871,Flagstaff, AZ
22804,0,24056,28296,52056,1977,34809570,-87661757,Florence, SC
27752,0,37960,140920,61512,1977,35404373,-94442208,Fort Smith, AR-OK
33300,0,48558,89652,89730,1977,41028663,-85157958,Fort Wayne, IN
17962,0,24698,31898,38856,1977,36713694,-119925531,Fresno, CA
3088,0,3626,4758,6976,1977,34018597,-86032125,Gadsden, AL
9444,0,15032,11116,22032,1977,29676436,-82379953,Gainesville, FL
2681,0,4214,13820,4578,1977,29676436,-82379953,Gainesville, GA
7146,0,12952,9700,15632,1977,43368665,-73594302,Glens Falls, NY
2997,0,3500,5048,5072,1977,35364712,-77995343,Goldsboro, NC
7628,0,10180,9100,13104,1977,47834558,-96841690,Grand Forks, ND-MN
3460,0,5424,4784,7974,1977,39095228,-108509096,Grand Junction, CO
3445,0,5886,18204,6142,1977,47433941,-111324241,Great Falls, MT
22956,0,29388,41628,49020,1977,44493492,-88032769,Green Bay, WI
3137,0,2974,4882,6766,1977,35589908,-77391082,Greenville, NC
9246,0,14448,16314,19296,1977,31239888,-89356078,Hattiesburg, MS
13686,0,23816,28156,37340,1977,34754424,-86712087,Huntsville, AL
7256,0,8712,9636,13400,1977,41674915,-91568871,Iowa City, IA
13113,0,26226,22812,34614,1977,42237635,-84404455,Jackson, MI
248976,0,344988,573084,605016,1977,42237635,-84404455,Jackson, MS
28584,0,43236,49878,63090,1977,42237635,-84404455,Jackson, TN
237010,0,380460,586640,750980,1977,34709586,-77373135,Jacksonville, FL
4358,0,6012,4372,9464,1977,34709586,-77373135,Jacksonville, NC
5236,0,5688,18172,12378,1977,40260625,-78884658,Johnstown, PA
6736,0,8904,10160,12072,1977,35828198,-90631993,Jonesboro, AR
9824,0,12908,18596,21248,1977,37061268,-94396202,Joplin, MO
693532,0,1296176,1635760,2059260,1977,39053555,-94522177,Kansas City, MO-KS
144414,0,192384,237420,363942,1977,35917137,-83940698,Knoxville, TN
3311,0,7844,7500,6588,1977,40423928,-86101490,Kokomo, IN
68870,0,122580,141980,213560,1977,40372461,-86745453,Lafayette, LA
11000,0,17984,20236,22576,1977,30237442,-93291757,Lake Charles, LA
12317,0,13780,23234,28822,1977,40067670,-76281219,Lancaster, PA
2986,0,4576,3338,7262,1977,27591807,-99389849,Laredo, TX
2574,0,4492,3802,5950,1977,32274123,-106781670,Las Cruces, NM
2165,0,3140,2720,3606,1977,38927006,-95256048,Lawrence, KS
6032,0,6380,8492,11112,1977,34633961,-98423460,Lawton, OK
4094,0,8060,5458,9584,1977,40674882,-84176901,Lima, OH
15622,0,24444,32012,42988,1977,40796701,-96681392,Lincoln, NE
27183,0,39924,40950,71796,1977,33570085,-101852068,Lubbock, TX
36120,0,28380,175272,77076,1977,37345470,-79294102,Lynchburg, VA
33845,0,49340,62660,83530,1977,32720028,-83652271,Macon, GA
56760,0,71352,89680,114200,1977,43071496,-89393668,Madison, WI
4245,0,5144,9014,11298,1977,40791142,-82670894,Mansfield, OH
261288,0,751752,743382,845838,1977,35141483,-89926108,Memphis, TN-MS-AR
3745,0,3844,5768,9490,1977,37245783,-120674118,Merced, CA
3532,0,4758,4540,5502,1977,46939971,-113968607,Missoula, MT
11259,0,20604,23204,35150,1977,30686169,-87993348,Mobile, AL
8299,0,14382,13780,17686,1977,37613805,-120958800,Modesto, CA
11354,0,14032,22020,21992,1977,32509377,-92115857,Monroe, LA
2731,0,3100,3930,4006,1977,32509377,-92115857,Monroe, MI
34996,0,58008,58904,92616,1977,32459969,-86277996,Montgomery, AL
4119,0,5258,8424,10754,1977,40211893,-85396077,Muncie, IN
3857,0,5208,5330,7052,1977,29142855,-82114602,Ocala, FL
218575,0,376446,393554,554750,1977,35457111,-97462021,Oklahoma City, OK
11376,0,15510,16302,19686,1977,37750648,-87105097,Owensboro, KY
7356,0,13100,7832,20160,1977,30219170,-85638788,Panama City, FL
9930,0,12306,12150,18534,1977,34243795,-91987152,Pine Bluff, AR
530782,0,837872,1083278,1477126,1977,40412241,-79921188,Pittsburgh, PA
5186,0,11224,7452,11462,1977,42443864,-73229348,Pittsfield, MA
2771,0,3646,21076,5848,1977,42777785,-112346267,Pocatello, ID
4186,0,7358,4836,10676,1977,38235853,-104623605,Pueblo, CO
1484,0,2352,1940,2442,1977,26952873,-82131242,Punta Gorda, FL
11154,0,15282,15600,21672,1977,44045194,-103105497,Rapid City, SD
10330,0,12798,33414,24666,1977,40377743,-75914242,Reading, PA
4573,0,6552,5592,9166,1977,40688705,-122121202,Redding, CA
17014,0,34144,37648,38236,1977,39704166,-119763634,Reno, NV
51738,0,89088,88824,126972,1977,37331785,-79944785,Roanoke, VA
32944,0,39872,161104,68240,1977,44007477,-92442548,Rochester, MN
318240,0,392592,832440,869184,1977,44007477,-92442548,Rochester, NY
19162,0,26048,45904,47792,1977,42237787,-89107306,Rockford, IL
8062,0,13200,15584,28328,1977,35935344,-77803274,Rocky Mount, NC
9633,0,13578,20334,19756,1977,36450732,-121528953,Salinas, CA
6932,0,8928,9440,14060,1977,31440631,-100474921,San Angelo, TX
3277,0,5016,4462,5612,1977,35602793,-106030846,Santa Fe, NM
23631,0,31188,46968,101502,1977,32088005,-81176296,Savannah, GA
56058,0,66972,153408,154572,1977,41269531,-75905491,Scranton--Wilkes-Barre--Hazleton, PA
3377,0,2512,6812,5824,1977,43729885,-87854504,Sheboygan, WI
28990,0,37420,173430,90600,1977,42438400,-96281584,Sioux City, IA-NE-SD
24540,0,29976,231888,48160,1977,43532728,-96735522,Sioux Falls, SD
43104,0,68916,96048,118104,1977,42175992,-72572655,Springfield, IL
122052,0,159600,288024,273984,1977,42175992,-72572655,Springfield, MA
139155,0,182190,265860,291810,1977,42175992,-72572655,Springfield, MO
12642,0,17322,20700,39576,1977,42175992,-72572655,Springfield, OH
8846,0,9704,15984,17648,1977,45565698,-94411580,St. Cloud, MN
16792,0,18608,23456,41576,1977,39792944,-94827349,St. Joseph, MO-KS
1158435,0,1768800,3437220,3580260,1977,38637701,-90321618,St. Louis, MO-IL
3193,0,3192,5036,5974,1977,40887275,-77834459,State College, PA
2395,0,2840,8142,3610,1977,33931693,-80385516,Sumter, SC
58284,0,71316,159642,170778,1977,43103012,-76190107,Syracuse, NY
25936,0,33872,28832,64712,1977,30490830,-84334863,Tallahassee, FL
21852,0,33376,59688,49008,1977,39527037,-87346003,Terre Haute, IN
11280,0,17730,31524,28146,1977,33421007,-94143681,Texarkana, TX-AR
61158,0,86148,293490,159330,1977,41567251,-83667019,Toledo, OH
36765,0,47320,55550,79830,1977,39039150,-95710259,Topeka, KS
14658,0,25720,24872,42208,1977,32178410,-111088624,Tucson, AZ
180460,0,327264,395668,473592,1977,36195342,-95991924,Tulsa, OK
13377,0,39168,19980,34932,1977,33235600,-87511691,Tuscaloosa, AL
5247,0,7430,13272,10556,1977,32334795,-95297019,Tyler, TX
6858,0,7156,10684,11648,1977,28793417,-96977127,Victoria, TX
12124,0,29480,21692,28896,1977,31542166,-97166412,Waco, TX
3714,0,2920,6190,6756,1977,44900795,-89738490,Wausau, WI
17619,0,22620,35082,44196,1977,40018728,-80818914,Wheeling, WV-OH
89110,0,126820,188020,283530,1977,37744362,-97270844,Wichita, KS
17400,0,24906,21906,34350,1977,33866809,-98630821,Wichita Falls, TX
4017,0,4544,18006,11136,1977,41269479,-76995599,Williamsport, PA
10834,0,14304,15696,24312,1977,34094120,-78088963,Wilmington, NC
6053,0,10250,9988,15478,1977,46482454,-120512943,Yakima, WA
6092,0,6196,8832,9308,1977,39136954,-121541601,Yuba City, CA
2667,0,3554,3566,4564,1977,32684752,-114388951,Yuma, AZ
4877499,0,8517728,10208838,17094573,1982,,,,
19842,0,38880,43974,42852,1982,32401025,-99811409,Abilene, TX
23285,0,23620,39470,59810,1982,31608206,-84165665,Albany, GA
74600,0,108280,121392,245920,1982,35205259,-106712986,Albuquerque, NM
8740,0,11792,12724,24032,1982,31262083,-92476589,Alexandria, LA
4256,0,4488,5108,9806,1982,40479391,-78383313,Altoona, PA
40480,0,55130,75070,110660,1982,35183020,-101860330,Amarillo, TX
17172,0,40828,64344,54856,1982,61191900,-149762097,Anchorage, AK
39364,0,48896,48128,104912,1982,35652020,-82566254,Asheville, NC
14055,0,28296,27170,37428,1982,35296023,-118683344,Bakersfield, CA
4518,0,6254,8030,11672,1982,44833502,-68756626,Bangor, ME
169344,0,277884,367902,583704,1982,30430091,-91051757,Baton Rouge, LA
4695,0,5450,6146,9712,1982,48830987,-122400928,Bellingham, WA
18378,0,22368,26280,41484,1982,45816535,-108460718,Billings, MT
14788,0,23328,25996,39120,1982,42142695,-76018803,Binghamton, NY
14860,0,12312,17440,34064,1982,46850519,-100912175,Bismarck, ND
8412,0,10884,14984,19976,1982,39161997,-86540369,Bloomington, IN
53630,0,208070,74840,343470,1982,43581847,-116438071,Boise City, ID
3682,0,5442,5932,10848,1982,44550169,-73146898,Burlington, NC
4608,0,6448,9634,15622,1982,42918965,-106453302,Casper, WY
24300,0,23268,29232,74442,1982,42029994,-91630559,Cedar Rapids, IA
28461,0,36162,52140,89010,1982,38375285,-81668904,Charleston, WV
28614,0,40488,43728,64752,1982,38024839,-78482829,Charlottesville, VA
77874,0,126348,116748,267696,1982,35015474,-85296429,Chattanooga, TN-GA
2819,0,4130,2766,7672,1982,41196199,-104762083,Cheyenne, WY
24336,0,42080,44560,60100,1982,38865444,-104748828,Colorado Springs, CO
7732,0,9420,10200,21416,1982,38989761,-92313387,Columbia, MO
187476,0,282816,292944,511008,1982,38989761,-92313387,Columbia, SC
15390,0,12420,17000,32940,1982,39974014,-82905954,Columbus, GA-AL
4512,0,3328,4372,26936,1982,39974014,-82905954,Columbus, IN
747560,0,1320080,1451640,2828720,1982,39974014,-82905954,Columbus, OH
40251,0,95970,71814,110976,1982,27811767,-97464192,Corpus Christi, TX
2572,0,3090,5020,6318,1982,44547364,-123330289,Corvallis, OR
6716,0,7600,5396,17596,1982,39566663,-78839658,Cumberland, MD-WV
3127,0,3552,3182,9398,1982,36754822,-79400549,Danville, IL
6264,0,5532,8080,18144,1982,36754822,-79400549,Danville, VA
13840,0,15120,20920,35728,1982,39853136,-88953227,Decatur, AL
8456,0,10156,11028,26856,1982,39853136,-88953227,Decatur, IL
12708,0,16140,19464,33006,1982,31259924,-85440832,Dothan, AL
3127,0,2888,4324,6202,1982,39092714,-75560273,Dover, DE
3510,0,2970,5680,10944,1982,42476090,-90822022,Dubuque, IA
9468,0,10164,10700,19736,1982,44893660,-91368383,Eau Claire, WI
26834,0,59344,57916,92232,1982,31770159,-106351813,El Paso, TX
2979,0,3274,5866,6926,1982,42129017,-76790266,Elmira, NY
8449,0,11446,14914,48698,1982,42052025,-80056979,Erie, PA
12272,0,16644,15608,29332,1982,35056213,-78907247,Fayetteville, NC
2641,0,3820,3804,6712,1982,35919406,-111563871,Flagstaff, AZ
22172,0,31136,28368,53776,1982,34809570,-87661757,Florence, SC
28824,0,36040,39992,94760,1982,35404373,-94442208,Fort Smith, AR-OK
34593,0,52632,79794,129186,1982,41028663,-85157958,Fort Wayne, IN
19518,0,28708,27860,57702,1982,36713694,-119925531,Fresno, CA
2868,0,2482,4166,10368,1982,34018597,-86032125,Gadsden, AL
11226,0,17568,21448,26864,1982,29676436,-82379953,Gainesville, FL
2970,0,4486,4634,7572,1982,29676436,-82379953,Gainesville, GA
7494,0,6440,9100,14900,1982,43368665,-73594302,Glens Falls, NY
3025,0,3672,2650,6690,1982,35364712,-77995343,Goldsboro, NC
7482,0,6956,7888,13044,1982,47834558,-96841690,Grand Forks, ND-MN
4753,0,9910,8344,11500,1982,39095228,-108509096,Grand Junction, CO
3451,0,3684,4194,7628,1982,47433941,-111324241,Great Falls, MT
24528,0,28338,35448,58350,1982,44493492,-88032769,Green Bay, WI
3246,0,4050,4678,7180,1982,35589908,-77391082,Greenville, NC
10011,0,10530,10962,25716,1982,31239888,-89356078,Hattiesburg, MS
14246,0,22020,23620,39008,1982,34754424,-86712087,Huntsville, AL
7530,0,9488,9328,16280,1982,41674915,-91568871,Iowa City, IA
13119,0,15270,17820,33462,1982,42237635,-84404455,Jackson, MI
262170,0,307404,327996,761760,1982,42237635,-84404455,Jackson, MS
29898,0,35262,33840,87462,1982,42237635,-84404455,Jackson, TN
257980,0,450740,515660,832680,1982,34709586,-77373135,Jacksonville, FL
4632,0,7228,6156,8100,1982,34709586,-77373135,Jacksonville, NC
4995,0,4280,6438,12328,1982,40260625,-78884658,Johnstown, PA
6360,0,8268,9604,16948,1982,35828198,-90631993,Jonesboro, AR
9854,0,11588,11964,24632,1982,37061268,-94396202,Joplin, MO
710878,0,1250256,1412012,2816520,1982,39053555,-94522177,Kansas City, MO-KS
155655,0,261882,275274,439956,1982,35917137,-83940698,Knoxville, TN
3187,0,3252,3724,11414,1982,40423928,-86101490,Kokomo, IN
101070,0,230980,327340,339480,1982,40372461,-86745453,Lafayette, LA
12350,0,19376,30872,44876,1982,30237442,-93291757,Lake Charles, LA
12375,0,14218,25210,37324,1982,40067670,-76281219,Lancaster, PA
3666,0,5810,6128,9464,1982,27591807,-99389849,Laredo, TX
2860,0,4578,3938,5262,1982,32274123,-106781670,Las Cruces, NM
2395,0,2850,2400,6112,1982,38927006,-95256048,Lawrence, KS
6318,0,10392,7904,10608,1982,34633961,-98423460,Lawton, OK
4038,0,4664,3394,15050,1982,40674882,-84176901,Lima, OH
16162,0,19180,21976,43484,1982,40796701,-96681392,Lincoln, NE
27858,0,42978,53922,73140,1982,33570085,-101852068,Lubbock, TX
36384,0,37464,50112,181380,1982,37345470,-79294102,Lynchburg, VA
32685,0,39460,56440,96420,1982,32720028,-83652271,Macon, GA
60740,0,86776,84400,163640,1982,43071496,-89393668,Madison, WI
4096,0,2832,8774,14220,1982,40791142,-82670894,Mansfield, OH
264006,0,488448,476208,1028160,1982,35141483,-89926108,Memphis, TN-MS-AR
3886,0,4216,4222,7710,1982,37245783,-120674118,Merced, CA
3659,0,6586,2688,8842,1982,46939971,-113968607,Missoula, MT
11700,0,16350,24340,47450,1982,30686169,-87993348,Mobile, AL
9419,0,17758,13096,25736,1982,37613805,-120958800,Modesto, CA
12378,0,13256,17376,28332,1982,32509377,-92115857,Monroe, LA
2602,0,5996,3700,6132,1982,32509377,-92115857,Monroe, MI
35588,0,53392,100328,121376,1982,32459969,-86277996,Montgomery, AL
3900,0,3772,5368,15184,1982,40211893,-85396077,Muncie, IN
5015,0,6946,6896,9742,1982,29142855,-82114602,Ocala, FL
259084,0,488320,705488,812070,1982,35457111,-97462021,Oklahoma City, OK
11379,0,12030,15408,26772,1982,37750648,-87105097,Owensboro, KY
8188,0,8360,13200,18052,1982,30219170,-85638788,Panama City, FL
9228,0,8460,12732,21222,1982,34243795,-91987152,Pine Bluff, AR
521941,0,850500,1369564,2295356,1982,40412241,-79921188,Pittsburgh, PA
5315,0,5902,8854,12316,1982,42443864,-73229348,Pittsfield, MA
2620,0,3494,2866,7220,1982,42777785,-112346267,Pocatello, ID
4164,0,4110,5874,21616,1982,38235853,-104623605,Pueblo, CO
2321,0,3052,1952,8226,1982,26952873,-82131242,Punta Gorda, FL
11946,0,11808,13086,23004,1982,44045194,-103105497,Rapid City, SD
10161,0,17648,15210,36388,1982,40377743,-75914242,Reading, PA
5311,0,4630,4870,31968,1982,40688705,-122121202,Redding, CA
20616,0,42456,38400,84448,1982,39704166,-119763634,Reno, NV
52734,0,62280,90204,182004,1982,37331785,-79944785,Roanoke, VA
34072,0,34224,57648,87872,1982,44007477,-92442548,Rochester, MN
323928,0,480768,688752,1037160,1982,44007477,-92442548,Rochester, NY
19586,0,27240,39964,64824,1982,42237787,-89107306,Rockford, IL
7942,0,11048,11568,23168,1982,35935344,-77803274,Rocky Mount, NC
10477,0,13478,14360,23598,1982,36450732,-121528953,Salinas, CA
7852,0,12260,20028,18352,1982,31440631,-100474921,San Angelo, TX
3957,0,3832,4820,6408,1982,35602793,-106030846,Santa Fe, NM
24546,0,33894,49686,67584,1982,32088005,-81176296,Savannah, GA
52329,0,59766,80466,137544,1982,41269531,-75905491,Scranton--Wilkes-Barre--Hazleton, PA
3440,0,3444,4116,8710,1982,43729885,-87854504,Sheboygan, WI
26870,0,27090,31020,101490,1982,42438400,-96281584,Sioux City, IA-NE-SD
25088,0,27240,37600,66152,1982,43532728,-96735522,Sioux Falls, SD
40812,0,44112,52788,120840,1982,42175992,-72572655,Springfield, IL
123498,0,157308,217176,370176,1982,42175992,-72572655,Springfield, MA
140925,0,203610,224760,376710,1982,42175992,-72572655,Springfield, MO
11820,0,12432,15162,43278,1982,42175992,-72572655,Springfield, OH
9724,0,10500,12044,22732,1982,45565698,-94411580,St. Cloud, MN
16192,0,16656,21720,36408,1982,39792944,-94827349,St. Joseph, MO-KS
1182300,0,2961330,2772090,4008360,1982,38637701,-90321618,St. Louis, MO-IL
3311,0,4438,3638,7872,1982,40887275,-77834459,State College, PA
2394,0,2704,2740,5978,1982,33931693,-80385516,Sumter, SC
57897,0,67866,166320,162948,1982,43103012,-76190107,Syracuse, NY
30408,0,44104,40304,67208,1982,30490830,-84334863,Tallahassee, FL
21316,0,24592,22896,65400,1982,39527037,-87346003,Terre Haute, IN
11919,0,13524,27696,26178,1982,33421007,-94143681,Texarkana, TX-AR
60660,0,68172,101556,198240,1982,41567251,-83667019,Toledo, OH
37880,0,52000,150330,86260,1982,39039150,-95710259,Topeka, KS
17886,0,43564,32764,60020,1982,32178410,-111088624,Tucson, AZ
205730,0,391006,485282,701484,1982,36195342,-95991924,Tulsa, OK
13368,0,21624,17490,39876,1982,33235600,-87511691,Tuscaloosa, AL
6109,0,10356,9600,16154,1982,32334795,-95297019,Tyler, TX
8352,0,15040,16896,18892,1982,28793417,-96977127,Victoria, TX
12966,0,16288,23188,34524,1982,31542166,-97166412,Waco, TX
3900,0,3440,4550,9872,1982,44900795,-89738490,Wausau, WI
16854,0,16830,21558,56802,1982,40018728,-80818914,Wheeling, WV-OH
92005,0,125000,134910,304930,1982,37744362,-97270844,Wichita, KS
18468,0,33834,31836,40836,1982,33866809,-98630821,Wichita Falls, TX
3848,0,4854,8390,10998,1982,41269479,-76995599,Williamsport, PA
11856,0,17900,15876,35468,1982,34094120,-78088963,Wilmington, NC
6055,0,7392,6468,15880,1982,46482454,-120512943,Yakima, WA
6774,0,20708,6576,14040,1982,39136954,-121541601,Yuba City, CA
2961,0,4880,3160,6738,1982,32684752,-114388951,Yuma, AZ
5736802,0,9011446,13389402,20160745,1987,,,,
19047,0,19446,21834,72348,1987,32401025,-99811409,Abilene, TX
25425,0,33980,42520,63820,1987,31608206,-84165665,Albany, GA
92220,0,152352,176120,271648,1987,35205259,-106712986,Albuquerque, NM
9888,0,10784,13928,25408,1987,31262083,-92476589,Alexandria, LA
4823,0,6620,8878,11776,1987,40479391,-78383313,Altoona, PA
42400,0,49190,64240,160510,1987,35183020,-101860330,Amarillo, TX
21342,0,27156,36300,105496,1987,61191900,-149762097,Anchorage, AK
48516,0,55112,84616,260264,1987,35652020,-82566254,Asheville, NC
15990,0,24730,25458,59954,1987,35296023,-118683344,Bakersfield, CA
5634,0,7102,9786,12978,1987,44833502,-68756626,Bangor, ME
182367,0,262800,353196,678816,1987,30430091,-91051757,Baton Rouge, LA
5584,0,6722,10266,8834,1987,48830987,-122400928,Bellingham, WA
20085,0,23250,28752,50844,1987,45816535,-108460718,Billings, MT
16546,0,15004,26240,50984,1987,42142695,-76018803,Binghamton, NY
16568,0,17904,18064,35432,1987,46850519,-100912175,Bismarck, ND
10142,0,12012,101600,22648,1987,39161997,-86540369,Bloomington, IN
60730,0,75040,110530,181270,1987,43581847,-116438071,Boise City, ID
4599,0,5528,10600,14854,1987,44550169,-73146898,Burlington, NC
3876,0,3722,3506,11488,1987,42918965,-106453302,Casper, WY
25596,0,31302,45456,63402,1987,42029994,-91630559,Cedar Rapids, IA
31086,0,37830,55404,87942,1987,38375285,-81668904,Charleston, WV
35640,0,43008,66168,64752,1987,38024839,-78482829,Charlottesville, VA
90186,0,127236,246984,270384,1987,35015474,-85296429,Chattanooga, TN-GA
3093,0,2806,3758,7872,1987,41196199,-104762083,Cheyenne, WY
31456,0,49824,50280,95960,1987,38865444,-104748828,Colorado Springs, CO
9812,0,15440,16808,23448,1987,38989761,-92313387,Columbia, MO
229464,0,413928,473736,732264,1987,38989761,-92313387,Columbia, SC
18240,0,15880,31720,33920,1987,39974014,-82905954,Columbus, GA-AL
5204,0,5840,10332,10676,1987,39974014,-82905954,Columbus, IN
876620,0,1629120,2598880,3171520,1987,39974014,-82905954,Columbus, OH
40584,0,49902,64338,149232,1987,27811767,-97464192,Corpus Christi, TX
2846,0,2290,3850,4542,1987,44547364,-123330289,Corvallis, OR
7554,0,8100,10540,10960,1987,39566663,-78839658,Cumberland, MD-WV
3241,0,2256,5418,10266,1987,36754822,-79400549,Danville, IL
7226,0,5908,9972,13732,1987,36754822,-79400549,Danville, VA
17312,0,20472,29576,35880,1987,39853136,-88953227,Decatur, AL
8770,0,11884,17296,32380,1987,39853136,-88953227,Decatur, IL
14877,0,20814,27942,34344,1987,31259924,-85440832,Dothan, AL
3818,0,5552,6116,12310,1987,39092714,-75560273,Dover, DE
3629,0,4046,5780,13392,1987,42476090,-90822022,Dubuque, IA
10520,0,13568,17712,17008,1987,44893660,-91368383,Eau Claire, WI
30892,0,64912,62520,109100,1987,31770159,-106351813,El Paso, TX
3154,0,3504,6496,7020,1987,42129017,-76790266,Elmira, NY
9605,0,13348,17358,28914,1987,42052025,-80056979,Erie, PA
14660,0,18320,29156,34192,1987,35056213,-78907247,Fayetteville, NC
3375,0,5278,5768,9488,1987,35919406,-111563871,Flagstaff, AZ
25160,0,28448,53728,70800,1987,34809570,-87661757,Florence, SC
33052,0,39488,74312,89272,1987,35404373,-94442208,Fort Smith, AR-OK
40743,0,73746,100944,131028,1987,41028663,-85157958,Fort Wayne, IN
22038,0,27094,45352,52562,1987,36713694,-119925531,Fresno, CA
3120,0,2976,7610,7458,1987,34018597,-86032125,Gadsden, AL
13912,0,21248,24508,36020,1987,29676436,-82379953,Gainesville, FL
3928,0,4958,10692,9938,1987,29676436,-82379953,Gainesville, GA
9382,0,6688,16972,13852,1987,43368665,-73594302,Glens Falls, NY
3468,0,3294,7362,6392,1987,35364712,-77995343,Goldsboro, NC
8094,0,7128,13456,13056,1987,47834558,-96841690,Grand Forks, ND-MN
4075,0,5864,5230,11234,1987,39095228,-108509096,Grand Junction, CO
3684,0,4876,4518,7462,1987,47433941,-111324241,Great Falls, MT
28065,0,47364,51486,70350,1987,44493492,-88032769,Green Bay, WI
3991,0,5600,7480,8034,1987,35589908,-77391082,Greenville, NC
11340,0,11622,18756,28266,1987,31239888,-89356078,Hattiesburg, MS
18818,0,28068,43288,66900,1987,34754424,-86712087,Huntsville, AL
8532,0,8948,10680,16900,1987,41674915,-91568871,Iowa City, IA
14217,0,17352,24918,36810,1987,42237635,-84404455,Jackson, MI
289908,0,447264,571572,1300860,1987,42237635,-84404455,Jackson, MS
34218,0,54360,62730,92034,1987,42237635,-84404455,Jackson, TN
328730,0,642620,760200,1200980,1987,34709586,-77373135,Jacksonville, FL
6418,0,11132,9212,12428,1987,34709586,-77373135,Jacksonville, NC
5461,0,5158,9696,10384,1987,40260625,-78884658,Johnstown, PA
7336,0,6664,12304,15868,1987,35828198,-90631993,Jonesboro, AR
11558,0,16760,18540,27372,1987,37061268,-94396202,Joplin, MO
829220,0,1624112,1984304,3199700,1987,39053555,-94522177,Kansas City, MO-KS
185184,0,282888,361782,500652,1987,35917137,-83940698,Knoxville, TN
3436,0,2504,5422,10422,1987,40423928,-86101490,Kokomo, IN
92670,0,118680,143640,486920,1987,40372461,-86745453,Lafayette, LA
12306,0,20116,16280,33508,1987,30237442,-93291757,Lake Charles, LA
14698,0,19128,31740,39260,1987,40067670,-76281219,Lancaster, PA
3731,0,4228,4680,12152,1987,27591807,-99389849,Laredo, TX
3671,0,5824,6484,8078,1987,32274123,-106781670,Las Cruces, NM
2943,0,4624,4724,5456,1987,38927006,-95256048,Lawrence, KS
6864,0,5804,9160,14744,1987,34633961,-98423460,Lawton, OK
4405,0,4510,8090,10940,1987,40674882,-84176901,Lima, OH
18242,0,20456,35504,43832,1987,40796701,-96681392,Lincoln, NE
28587,0,34752,41514,86430,1987,33570085,-101852068,Lubbock, TX
43602,0,43800,76464,98136,1987,37345470,-79294102,Lynchburg, VA
37180,0,51390,64480,105810,1987,32720028,-83652271,Macon, GA
68136,0,96000,134200,134984,1987,43071496,-89393668,Madison, WI
4498,0,3892,8404,11316,1987,40791142,-82670894,Mansfield, OH
297819,0,482184,808452,1278918,1987,35141483,-89926108,Memphis, TN-MS-AR
4363,0,3994,7366,15114,1987,37245783,-120674118,Merced, CA
4345,0,3646,7420,8112,1987,46939971,-113968607,Missoula, MT
13054,0,17194,25246,44944,1987,30686169,-87993348,Mobile, AL
11245,0,13160,22840,26568,1987,37613805,-120958800,Modesto, CA
13468,0,14940,31316,35148,1987,32509377,-92115857,Monroe, LA
3110,0,3214,3838,5782,1987,32509377,-92115857,Monroe, MI
40644,0,56776,97696,145032,1987,32459969,-86277996,Montgomery, AL
4166,0,4308,8686,11488,1987,40211893,-85396077,Muncie, IN
6712,0,8468,10720,14550,1987,29142855,-82114602,Ocala, FL
256263,0,381374,449372,1007958,1987,35457111,-97462021,Oklahoma City, OK
12336,0,10662,18000,37032,1987,37750648,-87105097,Owensboro, KY
11080,0,18072,18460,29852,1987,30219170,-85638788,Panama City, FL
10014,0,15480,13896,21540,1987,34243795,-91987152,Pine Bluff, AR
579236,0,813162,1316056,1923908,1987,40412241,-79921188,Pittsburgh, PA
6280,0,7736,10850,16108,1987,42443864,-73229348,Pittsfield, MA
2762,0,3000,2786,7260,1987,42777785,-112346267,Pocatello, ID
4526,0,4304,5328,10550,1987,38235853,-104623605,Pueblo, CO
3259,0,3962,4804,6156,1987,26952873,-82131242,Punta Gorda, FL
13662,0,16176,19050,26790,1987,44045194,-103105497,Rapid City, SD
11706,0,14916,24672,33156,1987,40377743,-75914242,Reading, PA
6792,0,6754,11456,11296,1987,40688705,-122121202,Redding, CA
24822,0,50092,61280,100828,1987,39704166,-119763634,Reno, NV
63546,0,88044,140328,210708,1987,37331785,-79944785,Roanoke, VA
37984,0,42800,72224,89168,1987,44007477,-92442548,Rochester, MN
374220,0,466416,1073448,1763640,1987,44007477,-92442548,Rochester, NY
21416,0,25268,43796,69508,1987,42237787,-89107306,Rockford, IL
9222,0,17092,23340,35552,1987,35935344,-77803274,Rocky Mount, NC
12401,0,16090,22668,30876,1987,36450732,-121528953,Salinas, CA
8326,0,8784,10716,33136,1987,31440631,-100474921,San Angelo, TX
4829,0,6192,7014,11626,1987,35602793,-106030846,Santa Fe, NM
28599,0,45498,60738,91518,1987,32088005,-81176296,Savannah, GA
58494,0,81378,115920,175716,1987,41269531,-75905491,Scranton--Wilkes-Barre--Hazleton, PA
3740,0,4348,6858,6980,1987,43729885,-87854504,Sheboygan, WI
27570,0,31670,48270,90040,1987,42438400,-96281584,Sioux City, IA-NE-SD
28984,0,27352,45752,61928,1987,43532728,-96735522,Sioux Falls, SD
45774,0,45816,83592,106428,1987,42175992,-72572655,Springfield, IL
142416,0,201156,334788,396852,1987,42175992,-72572655,Springfield, MA
181320,0,201030,322050,425700,1987,42175992,-72572655,Springfield, MO
12831,0,15306,24852,32850,1987,42175992,-72572655,Springfield, OH
11448,0,9980,23544,21892,1987,45565698,-94411580,St. Cloud, MN
17052,0,21696,24288,47536,1987,39792944,-94827349,St. Joseph, MO-KS
1350705,0,2125950,3410460,5049870,1987,38637701,-90321618,St. Louis, MO-IL
4100,0,6154,7694,9926,1987,40887275,-77834459,State College, PA
2827,0,2560,4972,5866,1987,33931693,-80385516,Sumter, SC
67464,0,93882,148962,214722,1987,43103012,-76190107,Syracuse, NY
37856,0,44680,74856,75056,1987,30490830,-84334863,Tallahassee, FL
22080,0,23240,35992,46184,1987,39527037,-87346003,Terre Haute, IN
12867,0,15324,18054,31434,1987,33421007,-94143681,Texarkana, TX-AR
66786,0,90738,154998,217080,1987,41567251,-83667019,Toledo, OH
41805,0,47370,72480,98100,1987,39039150,-95710259,Topeka, KS
22212,0,42802,48004,81240,1987,32178410,-111088624,Tucson, AZ
213234,0,328202,339948,862834,1987,36195342,-95991924,Tulsa, OK
16167,0,22842,25170,44250,1987,33235600,-87511691,Tuscaloosa, AL
7203,0,6496,9716,22682,1987,32334795,-95297019,Tyler, TX
8694,0,7224,7608,25072,1987,28793417,-96977127,Victoria, TX
14696,0,17192,22840,49820,1987,31542166,-97166412,Waco, TX
4366,0,5532,7600,6496,1987,44900795,-89738490,Wausau, WI
17481,0,17382,24756,36984,1987,40018728,-80818914,Wheeling, WV-OH
98465,0,123080,172000,594470,1987,37744362,-97270844,Wichita, KS
18648,0,26562,20310,57708,1987,33866809,-98630821,Wichita Falls, TX
4484,0,5358,8342,11534,1987,41269479,-76995599,Williamsport, PA
16610,0,20120,26852,41796,1987,34094120,-78088963,Wilmington, NC
6695,0,6758,12682,14266,1987,46482454,-120512943,Yakima, WA
7670,0,8956,10332,13548,1987,39136954,-121541601,Yuba City, CA
3438,0,6230,6184,9954,1987,32684752,-114388951,Yuma, AZ
6100725,0,8140398,13545505,21556263,1992,,,,
18660,0,17544,37620,42726,1992,32401025,-99811409,Abilene, TX
25575,0,26510,47240,61980,1992,31608206,-84165665,Albany, GA
96184,0,140792,248448,300312,1992,35205259,-106712986,Albuquerque, NM
9698,0,7100,18624,23584,1992,31262083,-92476589,Alexandria, LA
5052,0,3546,7318,12378,1992,40479391,-78383313,Altoona, PA
41555,0,43770,73370,101790,1992,35183020,-101860330,Amarillo, TX
23558,0,23732,51444,70796,1992,61191900,-149762097,Anchorage, AK
52148,0,48128,91112,119456,1992,35652020,-82566254,Asheville, NC
16741,0,21872,31438,57922,1992,35296023,-118683344,Bakersfield, CA
5906,0,4024,7738,13792,1992,44833502,-68756626,Bangor, ME
190269,0,233676,501570,595350,1992,30430091,-91051757,Baton Rouge, LA
7134,0,8388,11242,16800,1992,48830987,-122400928,Bellingham, WA
20670,0,16476,38166,37284,1992,45816535,-108460718,Billings, MT
16792,0,12832,35020,49956,1992,42142695,-76018803,Binghamton, NY
17628,0,11744,29368,30360,1992,46850519,-100912175,Bismarck, ND
11202,0,9400,19180,22916,1992,39161997,-86540369,Bloomington, IN
72605,0,124850,150410,185790,1992,43581847,-116438071,Boise City, ID
4802,0,3876,9768,13356,1992,44550169,-73146898,Burlington, NC
4002,0,2836,4922,8484,1992,42918965,-106453302,Casper, WY
26661,0,52452,71454,89142,1992,42029994,-91630559,Cedar Rapids, IA
33162,0,30876,57396,105966,1992,38375285,-81668904,Charleston, WV
40632,0,26304,51792,79896,1992,38024839,-78482829,Charlottesville, VA
96180,0,92280,212268,354540,1992,35015474,-85296429,Chattanooga, TN-GA
3151,0,2276,5366,6526,1992,41196199,-104762083,Cheyenne, WY
31888,0,46908,69364,90088,1992,38865444,-104748828,Colorado Springs, CO
10758,0,11792,21208,23864,1992,38989761,-92313387,Columbia, MO
247488,0,289704,463656,769464,1992,38989761,-92313387,Columbia, SC
19180,0,14760,37320,26040,1992,39974014,-82905954,Columbus, GA-AL
5870,0,6884,12568,12152,1992,39974014,-82905954,Columbus, IN
959920,0,1481440,2571400,3503960,1992,39974014,-82905954,Columbus, OH
40614,0,45714,69660,110280,1992,27811767,-97464192,Corpus Christi, TX
3009,0,2756,6622,5170,1992,44547364,-123330289,Corvallis, OR
7756,0,5588,7864,15712,1992,39566663,-78839658,Cumberland, MD-WV
3143,0,2536,5260,7950,1992,36754822,-79400549,Danville, IL
7558,0,6248,14112,15680,1992,36754822,-79400549,Danville, VA
18740,0,16808,32496,37960,1992,39853136,-88953227,Decatur, AL
9062,0,9672,16920,25996,1992,39853136,-88953227,Decatur, IL
15270,0,16386,29874,36348,1992,31259924,-85440832,Dothan, AL
4265,0,3872,10164,10736,1992,39092714,-75560273,Dover, DE
3945,0,3276,7536,9516,1992,42476090,-90822022,Dubuque, IA
11282,0,10432,24136,25252,1992,44893660,-91368383,Eau Claire, WI
34014,0,53252,90684,118384,1992,31770159,-106351813,El Paso, TX
3277,0,2560,4174,10562,1992,42129017,-76790266,Elmira, NY
10121,0,19300,18100,37540,1992,42052025,-80056979,Erie, PA
15224,0,16776,32600,32956,1992,35056213,-78907247,Fayetteville, NC
4053,0,5452,5924,9512,1992,35919406,-111563871,Flagstaff, AZ
26956,0,23544,44504,69952,1992,34809570,-87661757,Florence, SC
34456,0,36560,86336,80424,1992,35404373,-94442208,Fort Smith, AR-OK
43242,0,47568,104394,131052,1992,41028663,-85157958,Fort Wayne, IN
23462,0,41000,39576,68894,1992,36713694,-119925531,Fresno, CA
3289,0,3712,5868,10498,1992,34018597,-86032125,Gadsden, AL
15470,0,17680,23924,36328,1992,29676436,-82379953,Gainesville, FL
4197,0,3718,7574,9388,1992,29676436,-82379953,Gainesville, GA
9714,0,7296,12692,22512,1992,43368665,-73594302,Glens Falls, NY
3468,0,1780,5132,7166,1992,35364712,-77995343,Goldsboro, NC
8352,0,8412,10716,18492,1992,47834558,-96841690,Grand Forks, ND-MN
4366,0,4742,6168,9184,1992,39095228,-108509096,Grand Junction, CO
3859,0,3380,5802,6282,1992,47433941,-111324241,Great Falls, MT
30399,0,22770,63408,71934,1992,44493492,-88032769,Green Bay, WI
4377,0,6064,8104,10116,1992,35589908,-77391082,Greenville, NC
12129,0,14136,17208,32004,1992,31239888,-89356078,Hattiesburg, MS
21690,0,36400,52224,72932,1992,34754424,-86712087,Huntsville, AL
9228,0,8604,19320,19248,1992,41674915,-91568871,Iowa City, IA
15186,0,14058,23598,34722,1992,42237635,-84404455,Jackson, MI
295362,0,328284,788040,971172,1992,42237635,-84404455,Jackson, MS
37836,0,55710,95022,87138,1992,42237635,-84404455,Jackson, TN
356380,0,594940,767160,1267700,1992,34709586,-77373135,Jacksonville, FL
6936,0,6940,10664,12864,1992,34709586,-77373135,Jacksonville, NC
5556,0,4162,8656,11346,1992,40260625,-78884658,Johnstown, PA
7728,0,5748,14304,17132,1992,35828198,-90631993,Jonesboro, AR
12124,0,12716,27396,34888,1992,37061268,-94396202,Joplin, MO
882476,0,1220492,2063628,3229604,1992,39053555,-94522177,Kansas City, MO-KS
197262,0,241560,424638,556398,1992,35917137,-83940698,Knoxville, TN
3533,0,12516,4874,6148,1992,40423928,-86101490,Kokomo, IN
98160,0,123620,251820,294400,1992,40372461,-86745453,Lafayette, LA
12544,0,10488,41500,36232,1992,30237442,-93291757,Lake Charles, LA
16289,0,14690,30858,43182,1992,40067670,-76281219,Lancaster, PA
5273,0,7728,8122,14404,1992,27591807,-99389849,Laredo, TX
4308,0,5542,7472,11086,1992,32274123,-106781670,Las Cruces, NM
3390,0,2232,5226,8074,1992,38927006,-95256048,Lawrence, KS
6790,0,6052,10700,14408,1992,34633961,-98423460,Lawton, OK
4422,0,3730,7332,10620,1992,40674882,-84176901,Lima, OH
19986,0,20860,36516,52244,1992,40796701,-96681392,Lincoln, NE
29349,0,37176,53616,82692,1992,33570085,-101852068,Lubbock, TX
47718,0,74580,81072,103512,1992,37345470,-79294102,Lynchburg, VA
38665,0,50890,71910,156220,1992,32720028,-83652271,Macon, GA
74584,0,72976,146000,183944,1992,43071496,-89393668,Madison, WI
4722,0,3962,7292,12160,1992,40791142,-82670894,Mansfield, OH
313425,0,456678,984636,1269270,1992,35141483,-89926108,Memphis, TN-MS-AR
4623,0,3244,5384,13044,1992,37245783,-120674118,Merced, CA
4718,0,4096,8696,7994,1992,46939971,-113968607,Missoula, MT
13557,0,14402,29516,40074,1992,30686169,-87993348,Mobile, AL
12381,0,11244,20902,36594,1992,37613805,-120958800,Modesto, CA
13048,0,10884,27088,28220,1992,32509377,-92115857,Monroe, LA
3633,0,2528,5738,6734,1992,32509377,-92115857,Monroe, MI
44456,0,55144,102544,125792,1992,32459969,-86277996,Montgomery, AL
4203,0,4000,12348,13532,1992,40211893,-85396077,Muncie, IN
7433,0,11010,11324,16852,1992,29142855,-82114602,Ocala, FL
269164,0,320362,535402,790006,1992,35457111,-97462021,Oklahoma City, OK
12486,0,20748,17778,29430,1992,37750648,-87105097,Owensboro, KY
11890,0,11668,21596,27556,1992,30219170,-85638788,Panama City, FL
9708,0,6600,17106,22620,1992,34243795,-91987152,Pine Bluff, AR
610827,0,642642,1290870,1857730,1992,40412241,-79921188,Pittsburgh, PA
6217,0,3936,9994,16088,1992,42443864,-73229348,Pittsfield, MA
2957,0,3336,4392,7162,1992,42777785,-112346267,Pocatello, ID
4480,0,3446,8506,9284,1992,38235853,-104623605,Pueblo, CO
4214,0,6246,4962,10646,1992,26952873,-82131242,Punta Gorda, FL
15291,0,14910,23508,29988,1992,44045194,-103105497,Rapid City, SD
12423,0,13124,22556,35600,1992,40377743,-75914242,Reading, PA
7469,0,5806,9192,16630,1992,40688705,-122121202,Redding, CA
27802,0,29380,49360,82660,1992,39704166,-119763634,Reno, NV
67962,0,73332,121344,193188,1992,37331785,-79944785,Roanoke, VA
41384,0,39680,99248,95312,1992,44007477,-92442548,Rochester, MN
393264,0,492480,860208,1318944,1992,44007477,-92442548,Rochester, NY
22990,0,20372,49200,66372,1992,42237787,-89107306,Rockford, IL
9762,0,11728,17264,26160,1992,35935344,-77803274,Rocky Mount, NC
13029,0,15186,19404,34616,1992,36450732,-121528953,Salinas, CA
8134,0,11388,12196,20036,1992,31440631,-100474921,San Angelo, TX
6056,0,5606,8078,13496,1992,35602793,-106030846,Santa Fe, NM
30471,0,43548,68706,85812,1992,32088005,-81176296,Savannah, GA
62145,0,67722,115260,186606,1992,41269531,-75905491,Scranton--Wilkes-Barre--Hazleton, PA
3873,0,3142,6584,9030,1992,43729885,-87854504,Sheboygan, WI
28570,0,39960,53090,80850,1992,42438400,-96281584,Sioux City, IA-NE-SD
32536,0,31536,66640,74672,1992,43532728,-96735522,Sioux Falls, SD
49044,0,50844,84576,136512,1992,42175992,-72572655,Springfield, IL
138456,0,126768,221760,384900,1992,42175992,-72572655,Springfield, MA
201675,0,237870,369690,438090,1992,42175992,-72572655,Springfield, MO
13143,0,9720,23100,40818,1992,42175992,-72572655,Springfield, OH
12864,0,9464,31596,30784,1992,45565698,-94411580,St. Cloud, MN
17876,0,13240,30008,42000,1992,39792944,-94827349,St. Joseph, MO-KS
1423410,0,1604520,3159600,4779300,1992,38637701,-90321618,St. Louis, MO-IL
4569,0,4042,7822,10470,1992,40887275,-77834459,State College, PA
2920,0,5882,5252,6316,1992,33931693,-80385516,Sumter, SC
70230,0,73572,157794,233388,1992,43103012,-76190107,Syracuse, NY
41880,0,44088,75624,106256,1992,30490830,-84334863,Tallahassee, FL
23312,0,23464,38384,56672,1992,39527037,-87346003,Terre Haute, IN
12909,0,10908,20682,32220,1992,33421007,-94143681,Texarkana, TX-AR
69579,0,66972,146646,220944,1992,41567251,-83667019,Toledo, OH
43355,0,34430,66060,94800,1992,39039150,-95710259,Topeka, KS
23525,0,27722,45284,71036,1992,32178410,-111088624,Tucson, AZ
220003,0,240058,424816,666946,1992,36195342,-95991924,Tulsa, OK
17640,0,13386,26274,43452,1992,33235600,-87511691,Tuscaloosa, AL
7164,0,7832,11972,15090,1992,32334795,-95297019,Tyler, TX
8464,0,6496,11664,15408,1992,28793417,-96977127,Victoria, TX
14542,0,18988,27244,39940,1992,31542166,-97166412,Waco, TX
4936,0,2662,9436,10158,1992,44900795,-89738490,Wausau, WI
17805,0,14244,26232,40980,1992,40018728,-80818914,Wheeling, WV-OH
99685,0,114910,206400,331020,1992,37744362,-97270844,Wichita, KS
17496,0,25896,23538,38556,1992,33866809,-98630821,Wichita Falls, TX
4747,0,2948,8456,10886,1992,41269479,-76995599,Williamsport, PA
19412,0,21348,34840,41312,1992,34094120,-78088963,Wilmington, NC
7248,0,5958,14568,16596,1992,46482454,-120512943,Yakima, WA
8412,0,8348,10020,18312,1992,39136954,-121541601,Yuba City, CA
3952,0,4940,10988,50078,1992,32684752,-114388951,Yuma, AZ
6659632,0,9775024,16613168,22268149,1997,,,,
19221,0,20070,31290,51402,1997,32401025,-99811409,Abilene, TX
27145,0,26660,60300,69260,1997,31608206,-84165665,Albany, GA
108236,0,155792,239872,369192,1997,35205259,-106712986,Albuquerque, NM
10610,0,13736,17084,33216,1997,31262083,-92476589,Alexandria, LA
5245,0,4042,9502,12668,1997,40479391,-78383313,Altoona, PA
44815,0,46040,76420,135320,1997,35183020,-101860330,Amarillo, TX
26498,0,29364,55204,73392,1997,61191900,-149762097,Anchorage, AK
60016,0,64400,108328,127936,1997,35652020,-82566254,Asheville, NC
16233,0,18202,34466,54184,1997,35296023,-118683344,Bakersfield, CA
6152,0,5102,7822,13874,1997,44833502,-68756626,Bangor, ME
216549,0,305676,530676,703530,1997,30430091,-91051757,Baton Rouge, LA
8243,0,6630,12626,20820,1997,48830987,-122400928,Bellingham, WA
23727,0,21060,33642,49464,1997,45816535,-108460718,Billings, MT
15840,0,16128,27732,47472,1997,42142695,-76018803,Binghamton, NY
18912,0,13504,33768,35648,1997,46850519,-100912175,Bismarck, ND
12284,0,13884,24632,30592,1997,39161997,-86540369,Bloomington, IN
91580,0,125960,199530,271130,1997,43581847,-116438071,Boise City, ID
5172,0,6052,11158,17856,1997,44550169,-73146898,Burlington, NC
4316,0,3588,7514,7490,1997,42918965,-106453302,Casper, WY
29292,0,32586,92202,129972,1997,42029994,-91630559,Cedar Rapids, IA
35667,0,45138,77760,96474,1997,38375285,-81668904,Charleston, WV
46344,0,37608,76824,82032,1997,38024839,-78482829,Charlottesville, VA
103152,0,157116,258180,302292,1997,35015474,-85296429,Chattanooga, TN-GA
3626,0,3858,5596,8534,1997,41196199,-104762083,Cheyenne, WY
39746,0,61452,95108,119520,1997,38865444,-104748828,Colorado Springs, CO
12302,0,10800,26736,29368,1997,38989761,-92313387,Columbia, MO
274236,0,347136,612816,838344,1997,38989761,-92313387,Columbia, SC
22740,0,21020,40920,68520,1997,39974014,-82905954,Columbus, GA-AL
6444,0,7416,11992,15388,1997,39974014,-82905954,Columbus, IN
1063380,0,2482760,3108480,4641480,1997,39974014,-82905954,Columbus, OH
43512,0,79020,90114,134568,1997,27811767,-97464192,Corpus Christi, TX
3320,0,3442,4812,7356,1997,44547364,-123330289,Corvallis, OR
7676,0,5232,11804,10848,1997,39566663,-78839658,Cumberland, MD-WV
3040,0,3308,3900,6818,1997,36754822,-79400549,Danville, IL
8026,0,6680,9180,13132,1997,36754822,-79400549,Danville, VA
20976,0,23608,42368,48720,1997,39853136,-88953227,Decatur, AL
9006,0,9428,18264,24216,1997,39853136,-88953227,Decatur, IL
17100,0,23538,30306,53406,1997,31259924,-85440832,Dothan, AL
4521,0,7826,9514,11754,1997,39092714,-75560273,Dover, DE
4143,0,6138,7502,10948,1997,42476090,-90822022,Dubuque, IA
12070,0,12164,22392,32236,1997,44893660,-91368383,Eau Claire, WI
35814,0,54300,97692,134144,1997,31770159,-106351813,El Paso, TX
3073,0,2208,6244,7598,1997,42129017,-76790266,Elmira, NY
10441,0,14520,18614,30268,1997,42052025,-80056979,Erie, PA
17286,0,18748,34432,45104,1997,35056213,-78907247,Fayetteville, NC
5147,0,6582,11390,16662,1997,35919406,-111563871,Flagstaff, AZ
28864,0,30128,60304,76464,1997,34809570,-87661757,Florence, SC
37820,0,65352,78552,108080,1997,35404373,-94442208,Fort Smith, AR-OK
46458,0,49038,118638,146094,1997,41028663,-85157958,Fort Wayne, IN
23340,0,26136,45690,63904,1997,36713694,-119925531,Fresno, CA
3601,0,2756,5378,8592,1997,34018597,-86032125,Gadsden, AL
16508,0,18688,29704,70016,1997,29676436,-82379953,Gainesville, FL
4941,0,7220,9590,12542,1997,29676436,-82379953,Gainesville, GA
9474,0,7488,13384,27276,1997,43368665,-73594302,Glens Falls, NY
3758,0,3724,6686,8718,1997,35364712,-77995343,Goldsboro, NC
8454,0,4552,17456,17856,1997,47834558,-96841690,Grand Forks, ND-MN
5501,0,4264,8330,12238,1997,39095228,-108509096,Grand Junction, CO
4123,0,2756,6334,9704,1997,47433941,-111324241,Great Falls, MT
34410,0,73758,69810,94398,1997,44493492,-88032769,Green Bay, WI
5034,0,7026,9888,12802,1997,35589908,-77391082,Greenville, NC
13971,0,24144,30432,31674,1997,31239888,-89356078,Hattiesburg, MS
24570,0,30656,55308,88972,1997,34754424,-86712087,Huntsville, AL
10336,0,8008,16956,21004,1997,41674915,-91568871,Iowa City, IA
16599,0,18192,27540,45024,1997,42237635,-84404455,Jackson, MI
319284,0,423216,957492,1176840,1997,42237635,-84404455,Jackson, MS
41913,0,61920,118638,120600,1997,42237635,-84404455,Jackson, TN
391460,0,712940,932900,1506480,1997,34709586,-77373135,Jacksonville, FL
7892,0,10244,9948,15876,1997,34709586,-77373135,Jacksonville, NC
5625,0,4856,12090,17880,1997,40260625,-78884658,Johnstown, PA
8656,0,11824,13012,17932,1997,35828198,-90631993,Jonesboro, AR
12908,0,13444,36380,49860,1997,37061268,-94396202,Joplin, MO
979622,0,1472016,2459072,3271996,1997,39053555,-94522177,Kansas City, MO-KS
216360,0,302310,454194,820188,1997,35917137,-83940698,Knoxville, TN
3829,0,3008,6144,10094,1997,40423928,-86101490,Kokomo, IN
112230,0,140860,256720,301420,1997,40372461,-86745453,Lafayette, LA
13912,0,17092,38296,44884,1997,30237442,-93291757,Lake Charles, LA
17283,0,15474,35988,41892,1997,40067670,-76281219,Lancaster, PA
6047,0,8718,10498,12872,1997,27591807,-99389849,Laredo, TX
4962,0,5086,7138,11780,1997,32274123,-106781670,Las Cruces, NM
4096,0,6280,6082,8514,1997,38927006,-95256048,Lawrence, KS
7118,0,10472,9412,17284,1997,34633961,-98423460,Lawton, OK
4673,0,4266,9678,15528,1997,40674882,-84176901,Lima, OH
21880,0,26896,44268,56752,1997,40796701,-96681392,Lincoln, NE
31104,0,35724,56328,82926,1997,33570085,-101852068,Lubbock, TX
52320,0,42804,91260,135468,1997,37345470,-79294102,Lynchburg, VA
42045,0,62620,88150,130350,1997,32720028,-83652271,Macon, GA
84236,0,110600,187408,220656,1997,43071496,-89393668,Madison, WI
5022,0,4554,8596,13296,1997,40791142,-82670894,Mansfield, OH
333513,0,602856,1149120,1344510,1997,35141483,-89926108,Memphis, TN-MS-AR
4578,0,3842,7068,9248,1997,37245783,-120674118,Merced, CA
5506,0,5196,8594,10368,1997,46939971,-113968607,Missoula, MT
14350,0,17888,38146,48306,1997,30686169,-87993348,Mobile, AL
12381,0,12838,26090,27956,1997,37613805,-120958800,Modesto, CA
14350,0,16116,23744,35772,1997,32509377,-92115857,Monroe, LA
3891,0,2826,8332,8042,1997,32509377,-92115857,Monroe, MI
49816,0,65160,102536,151992,1997,32459969,-86277996,Montgomery, AL
4328,0,6756,10168,18782,1997,40211893,-85396077,Muncie, IN
8297,0,11602,14604,18462,1997,29142855,-82114602,Ocala, FL
302253,0,436870,620914,908600,1997,35457111,-97462021,Oklahoma City, OK
13008,0,15336,25404,33666,1997,37750648,-87105097,Owensboro, KY
12938,0,12712,23280,32336,1997,30219170,-85638788,Panama City, FL
9612,0,6996,16260,21762,1997,34243795,-91987152,Pine Bluff, AR
625205,0,823648,1466332,1978732,1997,40412241,-79921188,Pittsburgh, PA
6335,0,7024,9638,12282,1997,42443864,-73229348,Pittsfield, MA
3219,0,3254,4346,6872,1997,42777785,-112346267,Pocatello, ID
4989,0,5484,9448,10178,1997,38235853,-104623605,Pueblo, CO
4486,0,4762,6744,8318,1997,26952873,-82131242,Punta Gorda, FL
17250,0,17754,26082,38904,1997,44045194,-103105497,Rapid City, SD
12791,0,13508,29378,33232,1997,40377743,-75914242,Reading, PA
7071,0,6418,10156,13884,1997,40688705,-122121202,Redding, CA
32138,0,55084,73856,101804,1997,39704166,-119763634,Reno, NV
73770,0,122412,151728,262572,1997,37331785,-79944785,Roanoke, VA
47440,0,53728,102816,106016,1997,44007477,-92442548,Rochester, MN
397944,0,451512,1112640,1551264,1997,44007477,-92442548,Rochester, NY
24398,0,29984,44184,71560,1997,42237787,-89107306,Rockford, IL
10130,0,12456,21528,32540,1997,35935344,-77803274,Rocky Mount, NC
13101,0,13274,21866,34738,1997,36450732,-121528953,Salinas, CA
8400,0,7220,16932,18400,1997,31440631,-100474921,San Angelo, TX
7010,0,6184,9594,15338,1997,35602793,-106030846,Santa Fe, NM
33369,0,39144,70542,96162,1997,32088005,-81176296,Savannah, GA
62466,0,77226,131562,167826,1997,41269531,-75905491,Scranton--Wilkes-Barre--Hazleton, PA
4219,0,3424,7064,9012,1997,43729885,-87854504,Sheboygan, WI
30390,0,34420,68850,109310,1997,42438400,-96281584,Sioux City, IA-NE-SD
36632,0,50264,76432,102872,1997,43532728,-96735522,Sioux Falls, SD
53106,0,55356,75768,127236,1997,42175992,-72572655,Springfield, IL
139830,0,162456,252708,340224,1997,42175992,-72572655,Springfield, MA
232140,0,315000,491850,708540,1997,42175992,-72572655,Springfield, MO
13452,0,13182,25482,52248,1997,42175992,-72572655,Springfield, OH
14346,0,14708,24380,43192,1997,45565698,-94411580,St. Cloud, MN
19020,0,21384,30152,42112,1997,39792944,-94827349,St. Joseph, MO-KS
1501755,0,1965990,3995640,4710510,1997,38637701,-90321618,St. Louis, MO-IL
4842,0,3868,6754,13234,1997,40887275,-77834459,State College, PA
3124,0,2692,10954,6072,1997,33931693,-80385516,Sumter, SC
68499,0,68748,134880,188436,1997,43103012,-76190107,Syracuse, NY
45496,0,54256,80168,129896,1997,30490830,-84334863,Tallahassee, FL
24860,0,21608,38632,76536,1997,39527037,-87346003,Terre Haute, IN
13707,0,17748,21600,31224,1997,33421007,-94143681,Texarkana, TX-AR
71835,0,92850,167298,231624,1997,41567251,-83667019,Toledo, OH
44750,0,51680,82870,107910,1997,39039150,-95710259,Topeka, KS
26667,0,41922,56940,80228,1997,32178410,-111088624,Tucson, AZ
239407,0,309036,596736,725536,1997,36195342,-95991924,Tulsa, OK
20319,0,24426,40320,56592,1997,33235600,-87511691,Tuscaloosa, AL
7798,0,10458,13464,20110,1997,32334795,-95297019,Tyler, TX
8940,0,10112,10916,19864,1997,28793417,-96977127,Victoria, TX
15418,0,17752,29928,49940,1997,31542166,-97166412,Waco, TX
5339,0,4608,10516,11648,1997,44900795,-89738490,Wausau, WI
18375,0,21156,30870,39114,1997,40018728,-80818914,Wheeling, WV-OH
106820,0,159760,289490,317460,1997,37744362,-97270844,Wichita, KS
18351,0,16812,27270,44118,1997,33866809,-98630821,Wichita Falls, TX
4800,0,2636,7832,10542,1997,41269479,-76995599,Williamsport, PA
25010,0,34228,41548,57348,1997,34094120,-78088963,Wilmington, NC
7636,0,8216,13998,16908,1997,46482454,-120512943,Yakima, WA
7992,0,5516,21948,18924,1997,39136954,-121541601,Yuba City, CA
4360,0,6304,6320,11102,1997,32684752,-114388951,Yuma, AZ
7018518,0,11561200,15748148,29779979,2002,,,,
18819,0,16896,40704,52950,2002,32401025,-99811409,Abilene, TX
26650,0,35590,44990,73710,2002,31608206,-84165665,Albany, GA
108464,0,185832,232040,429048,2002,35205259,-106712986,Albuquerque, NM
10898,0,12084,17528,30332,2002,31262083,-92476589,Alexandria, LA
5301,0,5256,8888,15406,2002,40479391,-78383313,Altoona, PA
45600,0,58240,83110,178630,2002,35183020,-101860330,Amarillo, TX
28096,0,40628,58692,87536,2002,61191900,-149762097,Anchorage, AK
65808,0,70216,102304,172376,2002,35652020,-82566254,Asheville, NC
17362,0,34744,39308,72122,2002,35296023,-118683344,Bakersfield, CA
6589,0,6384,9030,17453,2002,44833502,-68756626,Bangor, ME
225297,0,426654,543906,1042308,2002,30430091,-91051757,Baton Rouge, LA
8992,0,8614,13534,21696,2002,48830987,-122400928,Bellingham, WA
25323,0,23370,39264,62262,2002,45816535,-108460718,Billings, MT
15786,0,26876,27180,61740,2002,42142695,-76018803,Binghamton, NY
20204,0,17568,28544,46888,2002,46850519,-100912175,Bismarck, ND
12408,0,17164,18912,38156,2002,39161997,-86540369,Bloomington, IN
106780,0,187810,219290,636220,2002,43581847,-116438071,Boise City, ID
5346,0,7064,8026,21610,2002,44550169,-73146898,Burlington, NC
4474,0,3504,6822,9134,2002,42918965,-106453302,Casper, WY
30579,0,45198,59352,117642,2002,42029994,-91630559,Cedar Rapids, IA
34917,0,47514,99624,116604,2002,38375285,-81668904,Charleston, WV
51516,0,51456,76860,119004,2002,38024839,-78482829,Charlottesville, VA
101886,0,156852,211728,369336,2002,35015474,-85296429,Chattanooga, TN-GA
3977,0,5122,4658,8878,2002,41196199,-104762083,Cheyenne, WY
44036,0,68884,75256,186464,2002,38865444,-104748828,Colorado Springs, CO
13000,0,16188,24688,44120,2002,38989761,-92313387,Columbia, MO
288108,0,427776,736512,1246776,2002,38989761,-92313387,Columbia, SC
22950,0,18580,24780,60000,2002,39974014,-82905954,Columbus, GA-AL
6122,0,10312,10864,24216,2002,39974014,-82905954,Columbus, IN
1103560,0,2213920,3380920,6017640,2002,39974014,-82905954,Columbus, OH
43491,0,55266,77868,143076,2002,27811767,-97464192,Corpus Christi, TX
3322,0,2958,4758,7824,2002,44547364,-123330289,Corvallis, OR
7516,0,7744,9464,18352,2002,39566663,-78839658,Cumberland, MD-WV
2946,0,2972,4264,9316,2002,36754822,-79400549,Danville, IL
7962,0,7044,10096,19728,2002,36754822,-79400549,Danville, VA
20876,0,24152,29464,62320,2002,39853136,-88953227,Decatur, AL
8588,0,7712,14644,26992,2002,39853136,-88953227,Decatur, IL
17667,0,20694,71868,50274,2002,31259924,-85440832,Dothan, AL
4775,0,8654,8776,13200,2002,39092714,-75560273,Dover, DE
4422,0,11610,6268,15224,2002,42476090,-90822022,Dubuque, IA
12996,0,18236,22264,41500,2002,44893660,-91368383,Eau Claire, WI
36628,0,64004,88404,160512,2002,31770159,-106351813,El Paso, TX
3023,0,2948,5514,10608,2002,42129017,-76790266,Elmira, NY
10405,0,13246,18096,39312,2002,42052025,-80056979,Erie, PA
17036,0,23716,28044,59244,2002,35056213,-78907247,Fayetteville, NC
5579,0,5630,10242,16526,2002,35919406,-111563871,Flagstaff, AZ
28952,0,25792,49880,100256,2002,34809570,-87661757,Florence, SC
37036,0,54288,63080,134976,2002,35404373,-94442208,Fort Smith, AR-OK
47532,0,85146,90660,210990,2002,41028663,-85157958,Fort Wayne, IN
24627,0,49874,56540,86502,2002,36713694,-119925531,Fresno, CA
3541,0,2868,6616,9480,2002,34018597,-86032125,Gadsden, AL
16986,0,23240,29248,58524,2002,29676436,-82379953,Gainesville, FL
5664,0,6044,10292,19136,2002,29676436,-82379953,Gainesville, GA
10056,0,14136,15288,26084,2002,43368665,-73594302,Glens Falls, NY
3842,0,4134,5542,11736,2002,35364712,-77995343,Goldsboro, NC
8528,0,8676,11644,26440,2002,47834558,-96841690,Grand Forks, ND-MN
6324,0,7242,8280,13872,2002,39095228,-108509096,Grand Junction, CO
4017,0,3858,4690,8488,2002,47433941,-111324241,Great Falls, MT
37380,0,64956,66342,152844,2002,44493492,-88032769,Green Bay, WI
5613,0,6104,8134,21654,2002,35589908,-77391082,Greenville, NC
14292,0,22080,26106,40062,2002,31239888,-89356078,Hattiesburg, MS
25862,0,35708,57224,99260,2002,34754424,-86712087,Huntsville, AL
11002,0,18580,20376,39132,2002,41674915,-91568871,Iowa City, IA
16527,0,20052,24618,58242,2002,42237635,-84404455,Jackson, MI
332280,0,546480,738684,1330092,2002,42237635,-84404455,Jackson, MS
41328,0,54972,82008,188388,2002,42237635,-84404455,Jackson, TN
416300,0,758620,1331140,1938540,2002,34709586,-77373135,Jacksonville, FL
8006,0,8832,10468,21420,2002,34709586,-77373135,Jacksonville, NC
5564,0,7058,8964,15868,2002,40260625,-78884658,Johnstown, PA
8952,0,11480,14512,27328,2002,35828198,-90631993,Jonesboro, AR
13406,0,18384,16940,59352,2002,37061268,-94396202,Joplin, MO
1007370,0,1712956,2344160,4416636,2002,39053555,-94522177,Kansas City, MO-KS
211293,0,346662,507870,819774,2002,35917137,-83940698,Knoxville, TN
3800,0,3328,6074,15856,2002,40423928,-86101490,Kokomo, IN
120260,0,164600,217940,413880,2002,40372461,-86745453,Lafayette, LA
13702,0,21424,32000,45556,2002,30237442,-93291757,Lake Charles, LA
18514,0,21026,34548,54406,2002,40067670,-76281219,Lancaster, PA
6832,0,11316,12374,17038,2002,27591807,-99389849,Laredo, TX
5281,0,8810,9960,14614,2002,32274123,-106781670,Las Cruces, NM
4508,0,6100,8306,10972,2002,38927006,-95256048,Lawrence, KS
7090,0,8748,11960,16332,2002,34633961,-98423460,Lawton, OK
4700,0,5048,7420,16522,2002,40674882,-84176901,Lima, OH
24020,0,28400,50392,84208,2002,40796701,-96681392,Lincoln, NE
32031,0,40950,57828,108210,2002,33570085,-101852068,Lubbock, TX
54900,0,55872,90180,182232,2002,37345470,-79294102,Lynchburg, VA
42190,0,44130,66650,131850,2002,32720028,-83652271,Macon, GA
90120,0,139072,174240,304008,2002,43071496,-89393668,Madison, WI
4885,0,6276,7526,17132,2002,40791142,-82670894,Mansfield, OH
327690,0,685764,863604,2068308,2002,35141483,-89926108,Memphis, TN-MS-AR
4954,0,8786,8150,13950,2002,37245783,-120674118,Merced, CA
6077,0,5282,8276,13238,2002,46939971,-113968607,Missoula, MT
13958,0,21398,36588,64614,2002,30686169,-87993348,Mobile, AL
13624,0,22768,31126,39712,2002,37613805,-120958800,Modesto, CA
14324,0,18432,22244,44432,2002,32509377,-92115857,Monroe, LA
4135,0,4226,5986,13512,2002,32509377,-92115857,Monroe, MI
48224,0,78224,87992,201104,2002,32459969,-86277996,Montgomery, AL
4152,0,5862,7648,21052,2002,40211893,-85396077,Muncie, IN
9176,0,9728,15470,23822,2002,29142855,-82114602,Ocala, FL
314090,0,496692,680666,1181600,2002,35457111,-97462021,Oklahoma City, OK
13299,0,10908,25536,31914,2002,37750648,-87105097,Owensboro, KY
13146,0,14280,28532,40432,2002,30219170,-85638788,Panama City, FL
9366,0,11466,12594,23994,2002,34243795,-91987152,Pine Bluff, AR
615804,0,935060,1456616,2213442,2002,40412241,-79921188,Pittsburgh, PA
6761,0,5154,9190,17512,2002,42443864,-73229348,Pittsfield, MA
3363,0,4086,4546,10186,2002,42777785,-112346267,Pocatello, ID
5197,0,6328,7358,12760,2002,38235853,-104623605,Pueblo, CO
5118,0,5678,8628,14800,2002,26952873,-82131242,Punta Gorda, FL
18609,0,17754,28188,54306,2002,44045194,-103105497,Rapid City, SD
13360,0,14296,21432,46218,2002,40377743,-75914242,Reading, PA
7259,0,7512,11108,15264,2002,40688705,-122121202,Redding, CA
35500,0,54692,71816,124632,2002,39704166,-119763634,Reno, NV
76146,0,91020,134196,292980,2002,37331785,-79944785,Roanoke, VA
53608,0,69728,111680,193584,2002,44007477,-92442548,Rochester, MN
406320,0,579648,886056,1663248,2002,44007477,-92442548,Rochester, NY
24196,0,30872,41044,97772,2002,42237787,-89107306,Rockford, IL
10348,0,17720,19232,37476,2002,35935344,-77803274,Rocky Mount, NC
13993,0,24130,24896,105078,2002,36450732,-121528953,Salinas, CA
8632,0,7452,14608,22900,2002,31440631,-100474921,San Angelo, TX
7739,0,7404,9362,14258,2002,35602793,-106030846,Santa Fe, NM
35109,0,59586,69858,114984,2002,32088005,-81176296,Savannah, GA
61512,0,85992,117042,236142,2002,41269531,-75905491,Scranton--Wilkes-Barre--Hazleton, PA
4493,0,4458,8016,12804,2002,43729885,-87854504,Sheboygan, WI
30975,0,33890,75170,197160,2002,42438400,-96281584,Sioux City, IA-NE-SD
40964,0,52480,85360,139120,2002,43532728,-96735522,Sioux Falls, SD
53412,0,59124,89880,174648,2002,42175992,-72572655,Springfield, IL
143214,0,160908,272304,433032,2002,42175992,-72572655,Springfield, MA
242055,0,333150,431610,759150,2002,42175992,-72572655,Springfield, MO
13155,0,14364,23952,49146,2002,42175992,-72572655,Springfield, OH
16410,0,20272,33896,41836,2002,45565698,-94411580,St. Cloud, MN
19368,0,27128,33976,50664,2002,39792944,-94827349,St. Joseph, MO-KS
1511895,0,2559000,3612060,6610020,2002,38637701,-90321618,St. Louis, MO-IL
5063,0,5896,7158,17236,2002,40887275,-77834459,State College, PA
3202,0,2952,4510,12362,2002,33931693,-80385516,Sumter, SC
68265,0,82938,151260,238512,2002,43103012,-76190107,Syracuse, NY
47960,0,72488,123976,149568,2002,30490830,-84334863,Tallahassee, FL
24292,0,24432,32504,83456,2002,39527037,-87346003,Terre Haute, IN
13806,0,20448,22620,41388,2002,33421007,-94143681,Texarkana, TX-AR
71394,0,103428,148098,278526,2002,41567251,-83667019,Toledo, OH
46010,0,54170,83010,148240,2002,39039150,-95710259,Topeka, KS
27686,0,46546,56668,109730,2002,32178410,-111088624,Tucson, AZ
246435,0,377566,548212,988736,2002,36195342,-95991924,Tulsa, OK
20736,0,23856,34944,67380,2002,33235600,-87511691,Tuscaloosa, AL
8198,0,10282,15966,22664,2002,32334795,-95297019,Tyler, TX
9126,0,10324,12004,28236,2002,28793417,-96977127,Victoria, TX
15702,0,40032,37472,66500,2002,31542166,-97166412,Waco, TX
5604,0,6806,12546,17168,2002,44900795,-89738490,Wausau, WI
17991,0,15492,29310,43896,2002,40018728,-80818914,Wheeling, WV-OH
108530,0,168950,238320,426830,2002,37744362,-97270844,Wichita, KS
17769,0,21234,25824,45648,2002,33866809,-98630821,Wichita Falls, TX
4657,0,5536,10380,13108,2002,41269479,-76995599,Williamsport, PA
27108,0,32404,36220,80452,2002,34094120,-78088963,Wilmington, NC
7726,0,8234,11124,21404,2002,46482454,-120512943,Yakima, WA
8522,0,11172,12404,17472,2002,39136954,-121541601,Yuba City, CA
4735,0,6674,13224,13082,2002,32684752,-114388951,Yuma, AZ
7596129,0,10126762,17799594,25648916,2007,,,,
18957,0,17958,32448,52506,2007,32401025,-99811409,Abilene, TX
27390,0,24540,41770,75750,2007,31608206,-84165665,Albany, GA
118160,0,149392,274488,397184,2007,35205259,-106712986,Albuquerque, NM
11410,0,11192,21944,26212,2007,31262083,-92476589,Alexandria, LA
5348,0,4780,8332,12494,2007,40479391,-78383313,Altoona, PA
47325,0,49690,87320,149310,2007,35183020,-101860330,Amarillo, TX
30354,0,46128,71648,107600,2007,61191900,-149762097,Anchorage, AK
74688,0,76568,114704,163928,2007,35652020,-82566254,Asheville, NC
19227,0,32366,45410,68910,2007,35296023,-118683344,Bakersfield, CA
6706,0,6698,9260,14820,2007,44833502,-68756626,Bangor, ME
244215,0,304074,587628,807318,2007,30430091,-91051757,Baton Rouge, LA
10653,0,9262,17722,20810,2007,48830987,-122400928,Bellingham, WA
28311,0,20778,62172,50028,2007,45816535,-108460718,Billings, MT
15694,0,17308,29828,44180,2007,42142695,-76018803,Binghamton, NY
22388,0,17624,36096,44576,2007,46850519,-100912175,Bismarck, ND
12944,0,13772,24064,32376,2007,39161997,-86540369,Bloomington, IN
138275,0,178270,303760,499770,2007,43581847,-116438071,Boise City, ID
5419,0,6138,10760,14204,2007,44550169,-73146898,Burlington, NC
5029,0,4972,10904,10056,2007,42918965,-106453302,Casper, WY
31554,0,36294,65676,77562,2007,42029994,-91630559,Cedar Rapids, IA
33843,0,33630,72150,110406,2007,38375285,-81668904,Charleston, WV
57714,0,48924,88716,128796,2007,38024839,-78482829,Charlottesville, VA
105312,0,127944,311640,418152,2007,35015474,-85296429,Chattanooga, TN-GA
4297,0,2574,6504,8306,2007,41196199,-104762083,Cheyenne, WY
49878,0,59736,117308,145636,2007,38865444,-104748828,Colorado Springs, CO
14614,0,16768,36696,36784,2007,38989761,-92313387,Columbia, MO
310728,0,381768,711720,1098288,2007,38989761,-92313387,Columbia, SC
24560,0,20740,37360,45160,2007,39974014,-82905954,Columbus, GA-AL
6398,0,7248,13160,21332,2007,39974014,-82905954,Columbus, IN
1128840,0,2030000,2928960,4444040,2007,39974014,-82905954,Columbus, OH
44745,0,43662,103800,174990,2007,27811767,-97464192,Corpus Christi, TX
3498,0,2328,4410,7534,2007,44547364,-123330289,Corvallis, OR
7420,0,6288,11860,18432,2007,39566663,-78839658,Cumberland, MD-WV
2739,0,1958,3278,7210,2007,36754822,-79400549,Danville, IL
7902,0,5648,12448,19180,2007,36754822,-79400549,Danville, VA
20880,0,15936,38472,48352,2007,39853136,-88953227,Decatur, AL
8480,0,8444,14908,23992,2007,39853136,-88953227,Decatur, IL
18576,0,17034,44460,59202,2007,31259924,-85440832,Dothan, AL
5183,0,4874,8228,15186,2007,39092714,-75560273,Dover, DE
4578,0,3490,7646,12778,2007,42476090,-90822022,Dubuque, IA
13392,0,9024,23560,32936,2007,44893660,-91368383,Eau Claire, WI
38402,0,53768,95184,134232,2007,31770159,-106351813,El Paso, TX
2951,0,3092,5188,6892,2007,42129017,-76790266,Elmira, NY
10048,0,10732,18794,27922,2007,42052025,-80056979,Erie, PA
18668,0,26920,58208,57752,2007,35056213,-78907247,Fayetteville, NC
6103,0,5832,11588,14488,2007,35919406,-111563871,Flagstaff, AZ
28888,0,39304,56272,80056,2007,34809570,-87661757,Florence, SC
38584,0,39176,86736,118912,2007,35404373,-94442208,Fort Smith, AR-OK
49695,0,62094,133200,167664,2007,41028663,-85157958,Fort Wayne, IN
25845,0,35340,57960,102704,2007,36713694,-119925531,Fresno, CA
3583,0,6314,6634,9052,2007,34018597,-86032125,Gadsden, AL
19326,0,24744,32376,49048,2007,29676436,-82379953,Gainesville, FL
6815,0,5880,11818,15148,2007,29676436,-82379953,Gainesville, GA
10258,0,5940,15728,19808,2007,43368665,-73594302,Glens Falls, NY
3943,0,3688,7102,10672,2007,35364712,-77995343,Goldsboro, NC
8670,0,10448,17792,19460,2007,47834558,-96841690,Grand Forks, ND-MN
7981,0,8956,14828,14636,2007,39095228,-108509096,Grand Junction, CO
4280,0,2914,6122,7704,2007,47433941,-111324241,Great Falls, MT
38949,0,36618,79998,107640,2007,44493492,-88032769,Green Bay, WI
6160,0,7208,12884,16498,2007,35589908,-77391082,Greenville, NC
15987,0,18672,38310,40932,2007,31239888,-89356078,Hattiesburg, MS
28676,0,40516,78276,101040,2007,34754424,-86712087,Huntsville, AL
12088,0,8304,38196,30144,2007,41674915,-91568871,Iowa City, IA
15966,0,11520,21564,54912,2007,42237635,-84404455,Jackson, MI
355266,0,436824,651780,1245204,2007,42237635,-84404455,Jackson, MS
41661,0,50868,84474,118476,2007,42237635,-84404455,Jackson, TN
502950,0,788480,1080980,2012200,2007,34709586,-77373135,Jacksonville, FL
8696,0,8016,15648,19840,2007,34709586,-77373135,Jacksonville, NC
5444,0,3554,12412,19674,2007,40260625,-78884658,Johnstown, PA
9324,0,11660,14072,26680,2007,35828198,-90631993,Jonesboro, AR
13916,0,15964,23724,33252,2007,37061268,-94396202,Joplin, MO
1057826,0,1439564,2426228,3600128,2007,39053555,-94522177,Kansas City, MO-KS
223092,0,270468,600516,868950,2007,35917137,-83940698,Knoxville, TN
3698,0,2906,6582,10456,2007,40423928,-86101490,Kokomo, IN
135320,0,152140,355800,376140,2007,40372461,-86745453,Lafayette, LA
14068,0,10540,28012,39720,2007,30237442,-93291757,Lake Charles, LA
19388,0,17528,40750,53026,2007,40067670,-76281219,Lancaster, PA
7762,0,9970,14682,19508,2007,27591807,-99389849,Laredo, TX
6078,0,8510,9660,16740,2007,32274123,-106781670,Las Cruces, NM
4726,0,3420,6428,10156,2007,38927006,-95256048,Lawrence, KS
7354,0,7452,13260,17444,2007,34633961,-98423460,Lawton, OK
4460,0,4346,7202,13730,2007,40674882,-84176901,Lima, OH
25816,0,23052,62148,72716,2007,40796701,-96681392,Lincoln, NE
32958,0,39642,62280,95844,2007,33570085,-101852068,Lubbock, TX
60540,0,58236,104604,154872,2007,37345470,-79294102,Lynchburg, VA
43670,0,41730,68090,120840,2007,32720028,-83652271,Macon, GA
95612,0,110576,240208,268600,2007,43071496,-89393668,Madison, WI
4791,0,4204,10280,14816,2007,40791142,-82670894,Mansfield, OH
338877,0,591066,1321056,1675512,2007,35141483,-89926108,Memphis, TN-MS-AR
5216,0,5888,12150,15784,2007,37245783,-120674118,Merced, CA
7073,0,8164,9012,16738,2007,46939971,-113968607,Missoula, MT
14310,0,20104,36650,46504,2007,30686169,-87993348,Mobile, AL
14611,0,16156,28324,46448,2007,37613805,-120958800,Modesto, CA
14966,0,20808,25352,45368,2007,32509377,-92115857,Monroe, LA
4191,0,2988,6902,11014,2007,32509377,-92115857,Monroe, MI
50076,0,56472,127872,164664,2007,32459969,-86277996,Montgomery, AL
4105,0,5216,7080,16934,2007,40211893,-85396077,Muncie, IN
11630,0,17288,15612,29964,2007,29142855,-82114602,Ocala, FL
340788,0,427588,734118,1025948,2007,35457111,-97462021,Oklahoma City, OK
12996,0,9474,26598,37212,2007,37750648,-87105097,Owensboro, KY
14590,0,14224,33232,38932,2007,30219170,-85638788,Panama City, FL
8985,0,6042,9882,28230,2007,34243795,-91987152,Pine Bluff, AR
610435,0,712628,1394820,1927590,2007,40412241,-79921188,Pittsburgh, PA
6728,0,4044,7620,14898,2007,42443864,-73229348,Pittsfield, MA
3693,0,4876,6440,9018,2007,42777785,-112346267,Pocatello, ID
5332,0,6738,8330,12066,2007,38235853,-104623605,Pueblo, CO
5996,0,9936,6168,13140,2007,26952873,-82131242,Punta Gorda, FL
20337,0,14760,24396,44532,2007,44045194,-103105497,Rapid City, SD
13650,0,11652,24978,33060,2007,40377743,-75914242,Reading, PA
7754,0,7102,11094,17978,2007,40688705,-122121202,Redding, CA
39230,0,55188,90544,133192,2007,39704166,-119763634,Reno, NV
79542,0,89496,195384,279936,2007,37331785,-79944785,Roanoke, VA
56880,0,91552,271776,131632,2007,44007477,-92442548,Rochester, MN
417144,0,481536,875880,1368768,2007,44007477,-92442548,Rochester, NY
24734,0,27472,53952,69500,2007,42237787,-89107306,Rockford, IL
10186,0,10324,23840,44592,2007,35935344,-77803274,Rocky Mount, NC
14153,0,16570,26446,37534,2007,36450732,-121528953,Salinas, CA
8828,0,8304,13080,19580,2007,31440631,-100474921,San Angelo, TX
8336,0,6286,9670,14538,2007,35602793,-106030846,Santa Fe, NM
39999,0,62400,87372,127608,2007,32088005,-81176296,Savannah, GA
61959,0,58938,123582,184950,2007,41269531,-75905491,Scranton--Wilkes-Barre--Hazleton, PA
4592,0,4130,8678,12980,2007,43729885,-87854504,Sheboygan, WI
30335,0,47600,56350,113020,2007,42438400,-96281584,Sioux City, IA-NE-SD
44972,0,44256,97128,108896,2007,43532728,-96735522,Sioux Falls, SD
53364,0,50268,83040,122172,2007,42175992,-72572655,Springfield, IL
141360,0,124164,278592,401784,2007,42175992,-72572655,Springfield, MA
265035,0,292470,505860,802500,2007,42175992,-72572655,Springfield, MO
12438,0,11934,29184,44646,2007,42175992,-72572655,Springfield, OH
17902,0,17204,38092,38700,2007,45565698,-94411580,St. Cloud, MN
19968,0,19744,41120,48608,2007,39792944,-94827349,St. Joseph, MO-KS
1564050,0,1968630,3797430,5241150,2007,38637701,-90321618,St. Louis, MO-IL
5295,0,3244,9394,14296,2007,40887275,-77834459,State College, PA
3256,0,5208,4376,8914,2007,33931693,-80385516,Sumter, SC
69513,0,71400,142506,200226,2007,43103012,-76190107,Syracuse, NY
55540,0,58120,85824,146024,2007,30490830,-84334863,Tallahassee, FL
24172,0,23984,43984,72984,2007,39527037,-87346003,Terre Haute, IN
14472,0,14334,22272,35040,2007,33421007,-94143681,Texarkana, TX-AR
69012,0,84846,151848,254268,2007,41567251,-83667019,Toledo, OH
46625,0,51440,64030,140490,2007,39039150,-95710259,Topeka, KS
30980,0,39022,69450,105392,2007,32178410,-111088624,Tucson, AZ
257691,0,294966,648074,813876,2007,36195342,-95991924,Tulsa, OK
21819,0,19614,41202,65694,2007,33235600,-87511691,Tuscaloosa, AL
8773,0,8328,21402,22302,2007,32334795,-95297019,Tyler, TX
9360,0,11688,13908,17220,2007,28793417,-96977127,Victoria, TX
16070,0,26156,34128,49648,2007,31542166,-97166412,Waco, TX
5809,0,7766,14792,20508,2007,44900795,-89738490,Wausau, WI
16992,0,16974,23334,40608,2007,40018728,-80818914,Wheeling, WV-OH
112170,0,150260,233730,317300,2007,37744362,-97270844,Wichita, KS
17832,0,23436,34218,54492,2007,33866809,-98630821,Wichita Falls, TX
4633,0,3658,7382,10990,2007,41269479,-76995599,Williamsport, PA
32484,0,45800,55180,82528,2007,34094120,-78088963,Wilmington, NC
8142,0,7416,13202,20218,2007,46482454,-120512943,Yakima, WA
9028,0,10068,13536,20960,2007,39136954,-121541601,Yuba City, CA
5484,0,6964,11050,17146,2007,32684752,-114388951,Yuma, AZ
7332654,0,7985160,16370112,19559174,2012,,,,
18753,0,15102,33630,36600,2012,32401025,-99811409,Abilene, TX
25535,0,29870,44870,52220,2012,31608206,-84165665,Albany, GA
110496,0,121448,217520,340504,2012,35205259,-106712986,Albuquerque, NM
10964,0,6660,17556,23312,2012,31262083,-92476589,Alexandria, LA
5173,0,3116,8554,11014,2012,40479391,-78383313,Altoona, PA
47845,0,42530,78650,94530,2012,35183020,-101860330,Amarillo, TX
30448,0,32460,73076,94552,2012,61191900,-149762097,Anchorage, AK
68984,0,59184,95448,136784,2012,35652020,-82566254,Asheville, NC
18694,0,41212,48288,59544,2012,35296023,-118683344,Bakersfield, CA
6320,0,3668,10774,12268,2012,44833502,-68756626,Bangor, ME
242361,0,252792,610236,675360,2012,30430091,-91051757,Baton Rouge, LA
9932,0,6896,14996,16128,2012,48830987,-122400928,Bellingham, WA
28251,0,20016,41820,47976,2012,45816535,-108460718,Billings, MT
15684,0,8796,32048,29588,2012,42142695,-76018803,Binghamton, NY
24156,0,19448,39920,51152,2012,46850519,-100912175,Bismarck, ND
12092,0,18268,23936,29764,2012,39161997,-86540369,Bloomington, IN
119840,0,120440,227670,254600,2012,43581847,-116438071,Boise City, ID
5056,0,5030,8006,11488,2012,44550169,-73146898,Burlington, NC
5026,0,4246,9880,8956,2012,42918965,-106453302,Casper, WY
30294,0,27678,64464,70026,2012,42029994,-91630559,Cedar Rapids, IA
31722,0,38778,66792,93360,2012,38375285,-81668904,Charleston, WV
54456,0,33600,77520,103380,2012,38024839,-78482829,Charlottesville, VA
98268,0,119064,235140,267744,2012,35015474,-85296429,Chattanooga, TN-GA
4782,0,3482,5702,7528,2012,41196199,-104762083,Cheyenne, WY
47582,0,40412,84476,113436,2012,38865444,-104748828,Colorado Springs, CO
14350,0,10284,26544,21752,2012,38989761,-92313387,Columbia, MO
293760,0,275496,600504,856512,2012,38989761,-92313387,Columbia, SC
22300,0,24920,30180,38740,2012,39974014,-82905954,Columbus, GA-AL
5844,0,10384,25264,13800,2012,39974014,-82905954,Columbus, IN
1075960,0,1520520,4299600,3432720,2012,39974014,-82905954,Columbus, OH
42456,0,46908,104496,109200,2012,27811767,-97464192,Corpus Christi, TX
3464,0,2284,3670,6022,2012,44547364,-123330289,Corvallis, OR
6862,0,3832,11284,13796,2012,39566663,-78839658,Cumberland, MD-WV
2502,0,1376,4858,4422,2012,36754822,-79400549,Danville, IL
7208,0,3684,11472,12140,2012,36754822,-79400549,Danville, VA
19908,0,16160,32448,55784,2012,39853136,-88953227,Decatur, AL
7812,0,6408,16928,19204,2012,39853136,-88953227,Decatur, IL
16911,0,14874,25410,36612,2012,31259924,-85440832,Dothan, AL
4943,0,3730,7182,10568,2012,39092714,-75560273,Dover, DE
4469,0,3800,8918,8584,2012,42476090,-90822022,Dubuque, IA
13420,0,13652,26216,33864,2012,44893660,-91368383,Eau Claire, WI
39668,0,45312,88980,118812,2012,31770159,-106351813,El Paso, TX
2830,0,3310,4284,8230,2012,42129017,-76790266,Elmira, NY
9532,0,7884,18802,25134,2012,42052025,-80056979,Erie, PA
18250,0,21032,35848,50592,2012,35056213,-78907247,Fayetteville, NC
5411,0,3428,7970,11602,2012,35919406,-111563871,Flagstaff, AZ
26424,0,16472,47520,69024,2012,34809570,-87661757,Florence, SC
38208,0,24816,67512,89312,2012,35404373,-94442208,Fort Smith, AR-OK
46401,0,40182,100362,138816,2012,41028663,-85157958,Fort Wayne, IN
24548,0,26708,54208,55772,2012,36713694,-119925531,Fresno, CA
3258,0,3472,4958,5010,2012,34018597,-86032125,Gadsden, AL
18686,0,12732,28748,37168,2012,29676436,-82379953,Gainesville, FL
6129,0,5144,10136,13720,2012,29676436,-82379953,Gainesville, GA
10008,0,7160,12316,18252,2012,43368665,-73594302,Glens Falls, NY
3572,0,2228,5364,8468,2012,35364712,-77995343,Goldsboro, NC
8808,0,8412,14596,15440,2012,47834558,-96841690,Grand Forks, ND-MN
7332,0,5762,14818,14602,2012,39095228,-108509096,Grand Junction, CO
3915,0,2132,5702,7408,2012,47433941,-111324241,Great Falls, MT
35790,0,24066,73218,81558,2012,44493492,-88032769,Green Bay, WI
6023,0,3606,13072,12658,2012,35589908,-77391082,Greenville, NC
15552,0,10854,20982,36198,2012,31239888,-89356078,Hattiesburg, MS
28142,0,32612,65604,83888,2012,34754424,-86712087,Huntsville, AL
12284,0,8948,17956,29936,2012,41674915,-91568871,Iowa City, IA
14088,0,5556,31548,26184,2012,42237635,-84404455,Jackson, MI
341622,0,301140,720684,812448,2012,42237635,-84404455,Jackson, MS
40689,0,56682,79110,113850,2012,42237635,-84404455,Jackson, TN
472720,0,551960,1133280,1404540,2012,34709586,-77373135,Jacksonville, FL
8536,0,7536,17188,16868,2012,34709586,-77373135,Jacksonville, NC
5150,0,3028,6574,11188,2012,40260625,-78884658,Johnstown, PA
8990,0,7816,15452,19016,2012,35828198,-90631993,Jonesboro, AR
12648,0,9812,26776,29508,2012,37061268,-94396202,Joplin, MO
994910,0,1183896,2247224,2781380,2012,39053555,-94522177,Kansas City, MO-KS
206244,0,185922,590346,618102,2012,35917137,-83940698,Knoxville, TN
3395,0,1800,5370,6844,2012,40423928,-86101490,Kokomo, IN
140140,0,144300,302220,361420,2012,40372461,-86745453,Lafayette, LA
13496,0,7844,26200,32224,2012,30237442,-93291757,Lake Charles, LA
19273,0,16290,32864,46792,2012,40067670,-76281219,Lancaster, PA
7959,0,8036,16258,16908,2012,27591807,-99389849,Laredo, TX
5832,0,4832,9966,14930,2012,32274123,-106781670,Las Cruces, NM
4483,0,3580,5434,8156,2012,38927006,-95256048,Lawrence, KS
7140,0,5124,12700,15212,2012,34633961,-98423460,Lawton, OK
4079,0,4168,7304,10346,2012,40674882,-84176901,Lima, OH
25936,0,34660,54968,61940,2012,40796701,-96681392,Lincoln, NE
33288,0,32052,57858,81606,2012,33570085,-101852068,Lubbock, TX
55230,0,38088,94992,122544,2012,37345470,-79294102,Lynchburg, VA
40025,0,25680,67970,92180,2012,32720028,-83652271,Macon, GA
92384,0,70488,209088,228104,2012,43071496,-89393668,Madison, WI
4304,0,3756,6828,8246,2012,40791142,-82670894,Mansfield, OH
314199,0,351018,924408,1035828,2012,35141483,-89926108,Memphis, TN-MS-AR
4734,0,5080,8204,10426,2012,37245783,-120674118,Merced, CA
6721,0,7556,8312,10584,2012,46939971,-113968607,Missoula, MT
12945,0,10628,29408,39214,2012,30686169,-87993348,Mobile, AL
13015,0,9636,26494,29558,2012,37613805,-120958800,Modesto, CA
14708,0,12340,22020,39236,2012,32509377,-92115857,Monroe, LA
3705,0,2372,6250,8600,2012,32509377,-92115857,Monroe, MI
45764,0,35624,82104,117880,2012,32459969,-86277996,Montgomery, AL
3733,0,3056,8684,9624,2012,40211893,-85396077,Muncie, IN
10543,0,8500,10670,16456,2012,29142855,-82114602,Ocala, FL
349440,0,364644,696752,801346,2012,35457111,-97462021,Oklahoma City, OK
12267,0,12072,22218,29586,2012,37750648,-87105097,Owensboro, KY
13434,0,14256,21344,33344,2012,30219170,-85638788,Panama City, FL
8106,0,4062,12174,19146,2012,34243795,-91987152,Pine Bluff, AR
584297,0,626066,1503824,1677172,2012,40412241,-79921188,Pittsburgh, PA
6201,0,3718,8344,12234,2012,42443864,-73229348,Pittsfield, MA
3440,0,6062,4896,9998,2012,42777785,-112346267,Pocatello, ID
4917,0,3764,7164,9838,2012,38235853,-104623605,Pueblo, CO
5658,0,7402,7358,8476,2012,26952873,-82131242,Punta Gorda, FL
20577,0,13974,28068,28020,2012,44045194,-103105497,Rapid City, SD
12900,0,8406,22814,27466,2012,40377743,-75914242,Reading, PA
6715,0,4340,8346,11048,2012,40688705,-122121202,Redding, CA
35802,0,57352,64272,84672,2012,39704166,-119763634,Reno, NV
74712,0,54228,149892,163248,2012,37331785,-79944785,Roanoke, VA
55888,0,37600,103552,96928,2012,44007477,-92442548,Rochester, MN
420168,0,330384,888240,1021584,2012,44007477,-92442548,Rochester, NY
22850,0,23108,49104,62380,2012,42237787,-89107306,Rockford, IL
9030,0,12644,14740,23156,2012,35935344,-77803274,Rocky Mount, NC
13077,0,13240,24884,28738,2012,36450732,-121528953,Salinas, CA
8884,0,6352,14780,17992,2012,31440631,-100474921,San Angelo, TX
7581,0,4822,6474,13854,2012,35602793,-106030846,Santa Fe, NM
37965,0,46272,72360,110220,2012,32088005,-81176296,Savannah, GA
58953,0,60492,129414,145836,2012,41269531,-75905491,Scranton--Wilkes-Barre--Hazleton, PA
4379,0,3480,7746,11280,2012,43729885,-87854504,Sheboygan, WI
29940,0,23230,48200,62120,2012,42438400,-96281584,Sioux City, IA-NE-SD
45068,0,49352,77480,97088,2012,43532728,-96735522,Sioux Falls, SD
50490,0,40620,99264,127248,2012,42175992,-72572655,Springfield, IL
133644,0,73032,227448,277260,2012,42175992,-72572655,Springfield, MA
246585,0,259350,460170,573240,2012,42175992,-72572655,Springfield, MO
11442,0,4524,29082,25152,2012,42175992,-72572655,Springfield, OH
17132,0,12280,34284,37196,2012,45565698,-94411580,St. Cloud, MN
18304,0,15552,33888,43944,2012,39792944,-94827349,St. Joseph, MO-KS
1476630,0,1624290,3233520,4259850,2012,38637701,-90321618,St. Louis, MO-IL
5164,0,3086,11250,12510,2012,40887275,-77834459,State College, PA
2904,0,1400,4752,5454,2012,33931693,-80385516,Sumter, SC
68727,0,50172,148236,157980,2012,43103012,-76190107,Syracuse, NY
52876,0,47632,76896,105432,2012,30490830,-84334863,Tallahassee, FL
23216,0,34648,43272,45792,2012,39527037,-87346003,Terre Haute, IN
13902,0,9900,24474,30048,2012,33421007,-94143681,Texarkana, TX-AR
63432,0,52848,149844,185184,2012,41567251,-83667019,Toledo, OH
42740,0,32720,72070,89570,2012,39039150,-95710259,Topeka, KS
28221,0,28952,58540,73524,2012,32178410,-111088624,Tucson, AZ
250439,0,259098,502838,626780,2012,36195342,-95991924,Tulsa, OK
20787,0,15726,38394,48270,2012,33235600,-87511691,Tuscaloosa, AL
8929,0,6638,14836,22112,2012,32334795,-95297019,Tyler, TX
9280,0,8860,16580,21740,2012,28793417,-96977127,Victoria, TX
15826,0,14204,29812,51464,2012,31542166,-97166412,Waco, TX
5456,0,7654,8852,12096,2012,44900795,-89738490,Wausau, WI
15735,0,8172,36990,30630,2012,40018728,-80818914,Wheeling, WV-OH
106945,0,131760,218080,330750,2012,37744362,-97270844,Wichita, KS
17358,0,11994,25134,31722,2012,33866809,-98630821,Wichita Falls, TX
4678,0,4646,8614,11066,2012,41269479,-76995599,Williamsport, PA
29770,0,22312,38824,65232,2012,34094120,-78088963,Wilmington, NC
7632,0,5372,12656,15400,2012,46482454,-120512943,Yakima, WA
8316,0,7568,11744,18832,2012,39136954,-121541601,Yuba City, CA
5101,0,5402,8750,12382,2012,32684752,-114388951,Yuma, AZ