msa,year,firms,job_births,job_continues,job_destruction
10180,1977,2773,3573,6755,7002
10420,1977,9599,14000,22973,30136
10500,1977,2282,3204,2814,4664
10580,1977,11274,15482,22509,28456
10740,1977,8421,14296,14676,22851
10780,1977,2100,1996,3050,4453
10900,1977,10320,14558,23861,27696
11020,1977,2173,2553,3026,4183
11100,1977,3918,5946,6984,9893
11180,1977,1240,1563,1961,1847
11260,1977,3467,8664,9833,21690
11300,1977,1997,2339,2923,3973
11340,1977,1899,2595,3580,4252
11460,1977,3740,6452,12412,9559
11500,1977,1614,2413,2527,4332
11540,1977,2649,4228,4969,5446
11700,1977,4564,5545,7158,10454
12020,1977,1797,2406,2841,3198
12060,1977,34567,86669,92415,129674
12100,1977,3590,2917,5181,8451
12220,1977,948,2267,1362,1960
12260,1977,4983,6455,8218,9899
12420,1977,9549,24234,21279,23548
12540,1977,6014,9490,11877,13963
12580,1977,30081,44194,67686,87924
12620,1977,2265,1956,3302,7600
12700,1977,3367,2851,4305,4966
12940,1977,8128,13962,21457,21586
12980,1977,2150,2932,3613,5383
13020,1977,1730,1771,3807,3575
13140,1977,5522,9531,12551,17098
13380,1977,2061,3186,2510,3790
13460,1977,1340,1736,1913,2058
13740,1977,2787,3961,4625,6066
13780,1977,3772,4808,6582,9015
13820,1977,13506,26053,32677,41804
13900,1977,1649,2075,2505,3362
13980,1977,1650,2428,3173,3727
14020,1977,2042,2335,2607,5107
14060,1977,1957,3194,4297,4287
14260,1977,5066,8526,15252,13279
14460,1977,65078,116439,167496,183923
14500,1977,3522,6948,6189,8385
14540,1977,1398,1960,1905,3709
14740,1977,1886,3418,2290,2991
14860,1977,16083,20829,42464,32365
15180,1977,2937,4051,3717,8921
15260,1977,1324,2458,1979,3175
15380,1977,18485,29170,73748,51401
15500,1977,1747,2317,2903,5676
15540,1977,2763,3208,5989,4927
15940,1977,6091,7404,11024,15457
15980,1977,3551,5911,5418,6265
16020,1977,1707,2053,2566,3960
16180,1977,685,1159,815,1215
16220,1977,1906,2800,3694,3044
16300,1977,3893,5082,5773,8439
16580,1977,3373,5063,4927,8317
16620,1977,4973,8516,26567,15756
16700,1977,5637,8210,8703,15589
16740,1977,14373,26973,35756,42386
16820,1977,2126,2564,2857,20586
16860,1977,6353,10068,13262,21064
16940,1977,1324,2092,1948,3078
16980,1977,119847,224654,354815,389009
17020,1977,2576,3500,3119,3538
17140,1977,25116,43004,59281,69130
17300,1977,2316,2491,3228,4489
17420,1977,1155,1705,3247,2918
17460,1977,33747,57284,80294,110189
17660,1977,1058,1378,1179,1830
17780,1977,1694,2483,2666,2750
17820,1977,5033,8343,7195,11668
17860,1977,1902,2437,2226,3611
17900,1977,7395,11813,13503,19319
17980,1977,828,1069,1128,2285
18020,1977,1093,1682,3038,2668
18140,1977,18196,38782,59697,57685
18580,1977,5721,8509,8586,14126
18700,1977,1171,1831,1170,1993
18880,1977,1724,2492,1814,3914
19060,1977,1696,1819,1797,4602
19100,1977,48953,115321,154758,168478
19140,1977,1654,2087,4288,4335
19180,1977,1672,1688,2202,4406
19260,1977,1654,2379,2381,2779
19340,1977,6613,10841,12928,15900
19380,1977,11686,17393,24721,33788
19460,1977,1705,2220,2452,4611
19500,1977,2181,3196,4215,5917
19660,1977,4482,7785,5611,9975
19740,1977,25923,48687,60735,81941
19780,1977,7923,12249,15274,21631
19820,1977,57768,102182,187535,181624
20020,1977,2078,2147,3529,5186
20100,1977,1560,1911,2506,3129
20220,1977,1737,1644,3671,3088
20260,1977,4705,5967,7697,13216
20500,1977,4173,6039,7465,11434
20740,1977,2178,2535,3231,4498
20940,1977,1483,2191,1516,3227
21060,1977,1133,1091,1777,1594
21140,1977,2850,5224,9733,7178
21300,1977,1533,2441,4005,5254
21340,1977,6064,10225,11223,23293
21500,1977,4333,6722,8317,11665
21660,1977,5080,7408,8738,9787
21780,1977,5635,9257,10193,12182
21820,1977,938,2599,3592,11040
22020,1977,2909,3731,4983,6962
22140,1977,1264,2348,2147,3119
22180,1977,3024,6114,4370,10350
22220,1977,3133,3714,5703,6512
22380,1977,1125,1776,2088,2285
22420,1977,5391,7142,17176,12409
22500,1977,2848,3007,3537,6507
22520,1977,2058,2189,2881,4342
22540,1977,1552,1766,2607,2958
22660,1977,2704,4451,3648,4151
22900,1977,3465,4745,17615,7689
23060,1977,5542,8093,14942,14955
23420,1977,8978,12349,15949,19428
23460,1977,1543,1813,2379,3488
23540,1977,2360,3758,2779,5508
23580,1977,1340,2107,6910,2289
24020,1977,1784,3238,2425,3908
24140,1977,1497,1750,2524,2536
24220,1977,1905,2545,2275,3276
24300,1977,1728,2712,2392,3987
24340,1977,8908,12307,21022,22441
24500,1977,1721,2943,9102,3071
24540,1977,1938,2499,11939,4351
24580,1977,3820,4898,6938,8170
24660,1977,8593,13492,19663,33584
24780,1977,1566,1487,2441,3383
24860,1977,6550,12589,14835,23907
25060,1977,2813,5419,4947,6990
25180,1977,2638,3972,4723,5824
25260,1977,1002,872,1446,1445
25420,1977,7127,12163,21210,19820
25500,1977,1267,1150,1852,2510
25540,1977,18015,22681,48220,55632
25620,1977,1540,2408,2719,3216
25860,1977,4289,6424,9663,12381
25980,1977,256,663,283,309
26100,1977,2256,3322,4626,4229
26180,1977,11678,22287,23324,33226
26300,1977,1497,1808,2805,2664
26380,1977,3028,4389,4504,8147
26420,1977,45330,114748,136325,171771
26580,1977,4478,5935,7468,9464
26620,1977,3418,5954,7039,9335
26820,1977,1500,2445,13605,3357
26900,1977,18203,29290,44516,70682
26980,1977,1812,2178,2409,3350
27060,1977,1311,1853,5842,2874
27100,1977,2181,4371,3802,5769
27140,1977,6910,9583,15919,16806
27180,1977,1587,2402,2771,3505
27260,1977,11836,19023,29332,37549
27340,1977,1089,1503,1093,2366
27500,1977,2183,2966,3926,4917
27620,1977,1974,3273,2193,3319
27740,1977,2163,2081,4885,4309
27780,1977,2615,2844,9086,6189
27860,1977,1684,2226,2540,3018
27900,1977,2453,3227,4649,5312
28020,1977,4230,4940,11910,10532
28100,1977,1643,1541,2904,3300
28140,1977,24726,46292,58420,73545
28420,1977,2152,4014,4019,4854
28660,1977,2728,4715,4028,5393
28700,1977,3729,7025,6095,9251
28740,1977,2528,1765,4014,5082
28940,1977,8015,10688,13190,20219
29020,1977,1655,3922,3750,3294
29100,1977,2020,3296,3321,3717
29140,1977,2282,2342,3051,4692
29180,1977,3442,6129,7099,10678
29340,1977,2748,4496,5059,5644
29420,1977,921,966,871,1663
29460,1977,4934,39862,7229,15307
29540,1977,6154,6890,11617,14411
29620,1977,5365,7691,12719,13216
29700,1977,1492,2288,1669,3631
29740,1977,1286,2246,1901,2975
29820,1977,6418,12756,17074,19494
29940,1977,1082,1570,1360,1803
30020,1977,1508,1595,2123,2778
30140,1977,1788,2110,2319,4214
30300,1977,1094,1169,1214,2059
30340,1977,1782,3584,3147,3501
30460,1977,5516,7721,11164,16747
30620,1977,2046,4030,2729,4792
30700,1977,3901,6111,8003,10747
30780,1977,8321,11228,16792,21839
30860,1977,1012,1617,1455,1858
30980,1977,3325,3561,5613,6257
31020,1977,1408,1947,2916,3246
31100,1977,152919,367678,454824,515142
31140,1977,15619,23708,46890,44124
31180,1977,4527,6654,6825,11966
31340,1977,3005,2365,14606,6423
31420,1977,3379,4934,6266,8353
31460,1977,864,1061,15163,1375
31540,1977,7091,8919,11210,14275
31700,1977,4982,6649,10664,12608
31740,1977,1547,1815,1764,2751
31860,1977,1563,1972,2159,3555
31900,1977,2122,2572,4507,5649
32580,1977,3509,5312,5724,8416
32780,1977,2399,3406,3435,4882
32820,1977,14495,41764,41299,46991
32900,1977,1871,1922,2884,4745
33100,1977,27604,54580,56705,69136
33140,1977,1680,1840,4078,4542
33260,1977,2145,3934,3976,6162
33340,1977,22731,33052,54338,66631
33460,1977,33268,72437,117524,111569
33540,1977,1764,2379,2270,2751
33660,1977,5626,10302,11602,17575
33700,1977,4147,7191,6890,8843
33740,1977,2836,3508,5505,5498
33780,1977,1365,1550,1965,2003
33860,1977,4369,7251,7363,11577
34060,1977,1500,1731,1503,3765
34100,1977,1332,1266,2325,4083
34580,1977,1298,1463,1409,2509
34620,1977,2058,2629,4212,5377
34740,1977,2259,2953,3687,5037
34820,1977,2192,2455,4064,3730
34900,1977,1730,1803,2143,2933
34940,1977,1956,3331,2058,3543
34980,1977,14435,25558,33670,42820
35300,1977,13531,19706,33505,27019
35380,1977,18866,35879,45141,62217
35620,1977,315279,418573,604409,865740
35660,1977,2772,3217,5126,6432
35840,1977,6398,10401,9036,12144
35980,1977,3469,3334,9939,5954
36100,1977,1927,2604,2665,3526
36140,1977,1605,1472,1844,2923
36220,1977,2559,4383,4610,7276
36260,1977,3568,5672,7673,8129
36420,1977,15596,26889,28111,39625
36500,1977,1848,2276,2244,2907
36540,1977,11144,18833,27772,33912
36740,1977,12292,31776,27215,36599
36780,1977,2315,2664,4168,5559
36980,1977,1894,2585,2717,3281
37100,1977,6809,10892,12278,15047
37340,1977,3851,5324,9145,9226
37380,1977,149,704,117,248
37460,1977,1839,3275,1958,5040
37620,1977,2757,2632,3956,5416
37700,1977,1560,2027,4129,3455
37860,1977,4144,5889,6227,9583
37900,1977,6343,9267,14393,17954
37980,1977,79140,139303,208307,261837
38060,1977,22443,47554,52999,80392
38220,1977,1652,2051,2025,3089
38300,1977,37861,59848,77377,105509
38340,1977,2593,5612,3726,5731
38540,1977,1385,1823,10538,2924
38860,1977,6911,8495,11981,14562
38900,1977,23344,40690,47038,61528
38940,1977,2396,3186,4602,4283
39100,1977,7501,8774,12757,17718
39140,1977,1213,1207,1034,1539
39300,1977,24805,28491,102524,55149
39340,1977,2625,4262,12205,6494
39380,1977,2092,3679,2418,5338
39460,1977,742,1176,970,1221
39540,1977,2770,2689,5540,5935
39580,1977,7010,12156,12901,20468
39660,1977,1857,2547,2600,3612
39740,1977,5157,6399,16707,12333
39820,1977,2286,3276,2796,4583
39900,1977,4251,8536,9412,9559
40060,1977,12917,21515,27107,49268
40140,1977,19785,37402,38974,45069
40220,1977,4305,7424,7402,10581
40340,1977,2055,2492,10069,4265
40380,1977,13246,16358,34685,36216
40420,1977,4784,6512,11476,11948
40580,1977,2013,3300,3896,7082
40660,1977,1333,1308,1931,3536
40900,1977,16396,30661,29158,37286
40980,1977,3215,8889,6562,12317
41060,1977,2209,2426,3996,4412
41100,1977,454,703,464,710
41140,1977,2097,2326,2932,5197
41180,1977,38537,58960,114574,119342
41420,1977,4171,6274,7817,7697
41500,1977,4814,6789,10167,9878
41540,1977,1718,1952,3011,3546
41620,1977,11302,22060,27998,36092
41660,1977,1731,2232,2360,3515
41700,1977,15884,30866,31092,44006
41740,1977,25651,51622,54512,68422
41780,1977,1381,1841,2363,3275
41860,1977,59015,105933,174884,179427
41940,1977,20187,45139,58719,57875
42020,1977,2833,3801,3891,4622
42060,1977,5829,11642,11133,28297
42100,1977,3258,4929,5174,6134
42140,1977,1637,2508,2231,2806
42220,1977,5482,7150,7946,8458
42340,1977,3935,5198,7828,16917
42540,1977,9332,11162,25568,25762
42660,1977,34811,62985,79655,85639
42680,1977,1145,1491,1864,2330
43100,1977,1686,1256,3406,2912
43300,1977,1669,2086,2516,3243
43340,1977,5880,9147,11904,16837
43580,1977,2893,3742,17343,9060
43620,1977,3063,3747,28986,6020
43780,1977,4677,8816,9224,12965
43900,1977,3138,3163,5400,7687
44060,1977,5996,7447,10662,12365
44100,1977,3588,5743,8004,9842
44140,1977,10162,13300,24002,22832
44180,1977,4632,6073,8862,9727
44220,1977,2105,2887,3450,6596
44300,1977,1595,1596,2518,2987
44600,1977,2322,2415,2973,5465
44700,1977,5617,6738,9429,11029
44940,1977,1197,1420,4071,1805
45060,1977,9707,11886,26607,28463
45220,1977,3239,4234,3604,8089
45300,1977,23052,46871,44319,69458
45460,1977,2728,4172,7461,6126
45500,1977,1878,2955,5254,4691
45780,1977,10180,14358,48915,26555
45820,1977,3673,4732,5555,7983
45940,1977,5343,8267,10855,13654
46060,1977,7323,12860,12436,21104
46140,1977,12877,23376,28262,33828
46220,1977,2228,6528,3330,5822
46340,1977,2623,3715,6636,5278
46540,1977,4551,5261,6865,10714
46660,1977,1573,1709,2288,3316
46700,1977,2718,23309,5037,5126
47020,1977,1713,1789,2671,2912
47220,1977,2339,2457,4438,5687
47260,1977,15143,24485,34509,43841
47300,1977,3579,5062,4314,7382
47380,1977,3029,7370,5423,7224
47580,1977,987,1449,987,1924
47900,1977,47996,97717,118178,191783
47940,1977,3219,4201,4408,6716
48140,1977,1855,1460,3095,3378
48300,1977,1405,1935,2713,2528
48540,1977,2932,3770,5847,7366
48620,1977,8896,12682,18802,28353
48660,1977,2899,4151,3651,5725
48700,1977,2008,2272,9003,5568
48900,1977,2707,3576,3924,6078
49020,1977,1349,1611,3147,1999
49180,1977,4853,5894,11247,14674
49340,1977,10567,12922,25877,25989
49420,1977,3024,5125,4994,7739
49620,1977,4887,6320,9035,12336
49660,1977,9453,17013,42667,27055
49700,1977,1522,1549,2208,2327
49740,1977,1332,1777,1783,2282
10180,1982,3301,6480,7329,7142
10420,1982,9794,13732,26453,35825
10500,1982,2325,2362,3947,5981
10580,1982,11385,12587,18824,33176
10740,1982,9303,13535,15174,30740
10780,1982,2181,2948,3181,6008
10900,1982,10457,12915,19283,36228
11020,1982,2124,2244,2554,4903
11100,1982,4041,5513,7507,11066
11180,1982,1269,1177,1463,3308
11260,1982,4281,10207,16086,13714
11300,1982,1903,1518,3900,7511
11340,1982,1953,1634,2030,5736
11460,1982,4033,5202,11383,17664
11500,1982,1573,1489,4097,4818
11540,1982,2865,3451,3875,6238
11700,1982,4910,6112,6016,13114
12020,1982,1901,2589,2134,4686
12060,1982,39733,103447,96532,160254
12100,1982,3708,7490,16768,14185
12220,1982,959,1606,1602,2528
12260,1982,5171,8019,11051,14863
12420,1982,11962,26240,26043,31036
12540,1982,7011,14148,13585,18714
12580,1982,31456,57679,67023,108367
12620,1982,2255,3127,4015,5836
12700,1982,3881,4497,4261,5776
12940,1982,9383,15438,20439,32428
12980,1982,2021,2446,2937,6106
13020,1982,1646,1766,1964,4568
13140,1982,5869,12189,10922,25973
13380,1982,2340,2725,3073,4856
13460,1982,1598,1999,1820,4873
13740,1982,3057,3728,4380,6914
13780,1982,3687,5832,6499,9780
13820,1982,13431,19183,29664,49500
13900,1982,1852,1539,2180,4258
13980,1982,1639,1872,2133,8789
14020,1982,2099,2721,3746,4994
14060,1982,2001,2469,3456,6040
14260,1982,5350,20807,7484,34347
14460,1982,68912,113156,164951,219210
14500,1982,4190,8783,8769,10503
14540,1982,1453,3610,1736,3758
14740,1982,2189,2423,1823,4287
14860,1982,17524,31620,40377,47832
15180,1982,3480,5984,6897,7191
15260,1982,1411,2638,4482,3919
15380,1982,18171,27751,30480,64921
15500,1982,1837,2721,2966,5424
15540,1982,3128,3477,6863,6884
15940,1982,6234,6479,10105,20178
15980,1982,4981,7875,6324,13572
16020,1982,1671,1640,2041,4305
16180,1982,882,1871,921,2354
16220,1982,2300,3224,4817,7811
16300,1982,4043,3878,4872,12407
16580,1982,3258,3969,4708,9619
16620,1982,4736,6027,8690,14835
16700,1982,6240,11093,10431,19270
16740,1982,15860,23525,32533,54276
16820,1982,2381,3374,3644,5396
16860,1982,6478,10529,9729,22308
16940,1982,1408,2065,1383,3836
16980,1982,122215,221807,246771,528802
17020,1982,2903,3335,3286,6277
17140,1982,25033,36765,49331,94580
17300,1982,2228,2292,2164,4904
17420,1982,1160,2086,4117,3709
17460,1982,33829,58645,69974,132389
17660,1982,1184,1248,950,3114
17780,1982,2226,5231,4697,4400
17820,1982,6072,10520,11140,15025
17860,1982,1930,2355,2550,5354
17900,1982,7794,11784,12206,21292
17980,1982,769,621,850,1647
18020,1982,1127,832,1093,6734
18140,1982,18630,33002,36291,70718
18580,1982,6687,15995,11969,18496
18700,1982,1286,1545,2510,3159
18880,1982,2075,2821,3394,4369
19060,1982,1678,1900,1349,4399
19100,1982,58713,148207,169833,243758
19140,1982,1685,3104,2465,6923
19180,1982,1562,1776,1591,4699
19260,1982,1565,1383,2020,4536
19340,1982,6453,7326,8176,26791
19380,1982,11740,18377,21061,45798
19460,1982,1727,1890,2615,4466
19500,1982,2112,2539,2757,6714
19660,1982,5235,8343,6936,11835
19740,1982,30585,97547,78509,113129
19780,1982,7938,12610,15350,25373
19820,1982,57882,81297,112036,261655
20020,1982,2115,2690,3244,5501
20100,1982,1562,1444,2162,3101
20220,1982,1754,1485,2840,5472
20260,1982,4620,4151,4877,16597
20500,1982,4532,5849,11269,12590
20740,1982,2364,2541,2675,4934
20940,1982,1509,1509,2457,3556
21060,1982,1173,1076,1697,1960
21140,1982,2868,5191,5287,8595
21300,1982,1489,1637,2933,3463
21340,1982,6691,14836,14479,23058
21500,1982,4214,5723,7457,24349
21660,1982,5430,6668,5211,18357
21780,1982,5744,7918,12349,16104
21820,1982,1049,1969,2609,2467
22020,1982,2908,2960,7162,11434
22140,1982,1470,2533,3085,5775
22180,1982,3062,4161,3902,7333
22220,1982,3315,5042,4281,9315
22380,1982,1318,1910,1902,3356
22420,1982,5271,7871,6159,26862
22500,1982,2767,3892,3546,6722
22520,1982,2085,2016,2717,6118
22540,1982,1563,1598,3089,3054
22660,1982,3245,4657,4009,8328
22900,1982,3597,4505,4999,11845
23060,1982,5747,8772,13299,21531
23420,1982,9739,14354,13930,28851
23460,1982,1432,1241,2083,5184
23540,1982,2801,4392,5362,6716
23580,1982,1484,2243,2317,3786
24020,1982,1870,1610,2275,3725
24140,1982,1512,1836,1325,3345
24220,1982,1868,1739,1972,3261
24300,1982,2373,4955,4172,5750
24340,1982,9288,12724,14884,30782
24500,1982,1722,1842,2097,3814
24540,1982,2117,2761,2644,5778
24580,1982,4082,4723,5908,9725
24660,1982,9235,14263,16494,29607
24780,1982,1621,2025,2339,3590
24860,1982,7006,15544,18088,27777
25060,1982,3037,4341,4029,7855
25180,1982,2650,2403,2641,6027
25260,1982,1051,1060,1083,1855
25420,1982,7018,12174,12078,20146
25500,1982,1332,1415,2441,3791
25540,1982,19238,26191,38242,66538
25620,1982,1665,1755,1827,4286
25860,1982,4431,9007,6463,16218
25980,1982,361,531,422,706
26100,1982,2454,2421,3254,10179
26180,1982,13417,21730,21612,44209
26300,1982,1538,3419,2846,4377
26380,1982,3582,5339,9921,11879
26420,1982,57171,174235,212752,261777
26580,1982,4295,6830,5427,13325
26620,1982,3555,5505,5905,9752
26820,1982,1536,1592,1900,4257
26900,1982,18938,29326,36638,68945
26980,1982,1881,2372,2332,4070
27060,1982,1406,1133,2646,4139
27100,1982,2181,2545,2970,5577
27140,1982,7265,8539,9111,21160
27180,1982,1659,1959,1880,4859
27260,1982,12870,22537,25783,41634
27340,1982,1155,1807,1539,2025
27500,1982,2198,3103,4308,5412
27620,1982,2042,2430,3001,4036
27740,1982,2189,2090,2774,6211
27780,1982,2496,2140,3219,6164
27860,1982,1588,2067,2401,4237
27900,1982,2460,2897,2991,6158
28020,1982,4294,6137,6558,15086
28100,1982,1564,1973,2084,6142
28140,1982,25326,44652,50429,100590
28420,1982,2386,3994,4236,9868
28660,1982,2745,4759,5010,6642
28700,1982,3758,5355,5425,10347
28740,1982,2584,2494,6995,6563
28940,1982,8632,14549,15293,24442
29020,1982,1593,1626,1862,5707
29100,1982,2159,2156,2479,6119
29140,1982,2323,2633,3792,6370
29180,1982,5044,11549,16367,16974
29340,1982,3084,4844,7718,11219
29420,1982,1169,1707,999,3631
29460,1982,5555,9232,10449,23044
29540,1982,6178,7109,12605,18662
29620,1982,5659,8905,8929,17103
29700,1982,1829,2905,3064,4732
29740,1982,1427,2289,1969,2631
29820,1982,8184,21750,23618,39957
29940,1982,1195,1425,1200,3056
30020,1982,1578,2598,1976,2652
30140,1982,1692,2825,2133,4099
30300,1982,1082,865,871,2369
30340,1982,1798,2696,3099,5223
30460,1982,6018,7850,10576,19596
30620,1982,2017,2332,1697,7525
30700,1982,4030,4795,5494,10871
30780,1982,8581,10959,18166,26939
30860,1982,1031,1356,1134,2778
30980,1982,3829,7209,7699,10488
31020,1982,1439,1805,1441,4317
31100,1982,172425,356756,464164,755162
31140,1982,15858,25862,24453,58198
31180,1982,4633,7163,8987,12190
31340,1982,3023,3122,4176,15115
31420,1982,3265,3946,5644,9642
31460,1982,986,1043,1019,2259
31540,1982,7571,10847,10550,20455
31700,1982,5557,7961,10056,16240
31740,1982,1580,1653,1908,2854
31860,1982,1622,2207,2024,3730
31900,1982,2046,1416,4387,7110
32580,1982,4119,8743,9268,10289
32780,1982,2571,2807,2742,8231
32820,1982,14624,27136,26456,57120
32900,1982,1938,2108,2111,3855
33100,1982,35595,65246,56370,136146
33140,1982,1642,2089,2267,5452
33260,1982,3087,7671,11948,9335
33340,1982,23579,37231,45372,87310
33460,1982,37094,65274,91758,161570
33540,1982,1829,3293,1344,4421
33660,1982,5837,8175,12170,23725
33700,1982,4700,8879,6548,12868
33740,1982,3091,3314,4344,7083
33780,1982,1300,2998,1850,3066
33860,1982,4439,6674,12541,15172
34060,1982,1500,1520,1776,3676
34100,1982,1314,2184,2086,3953
34580,1982,1494,3353,1812,3465
34620,1982,1945,1886,2684,7592
34740,1982,2214,2067,3203,6711
34820,1982,2564,3845,4720,5056
34900,1982,2016,2293,2066,4516
34940,1982,2782,4000,3740,6213
34980,1982,15170,26706,30505,57186
35300,1982,14229,18414,18474,39481
35380,1982,20677,40252,58903,86295
35620,1982,319770,443764,628261,924388
35660,1982,2582,2667,3698,6761
35840,1982,8197,11351,11879,19327
35980,1982,3702,3945,5781,8180
36100,1982,2504,3473,3448,4871
36140,1982,1770,1559,1875,4181
36220,1982,3205,6776,9925,12494
36260,1982,3875,5953,5398,11938
36420,1982,18466,34880,50392,58005
36500,1982,2167,2378,2085,5477
36540,1982,11259,16183,19438,39254
36740,1982,15689,28588,34364,49132
36780,1982,2409,2451,5041,4959
36980,1982,1894,2005,2568,4462
37100,1982,8436,31533,16118,24677
37340,1982,4793,8905,11685,16119
37380,1982,220,444,195,1149
37460,1982,2044,2090,3300,4513
37620,1982,2776,3871,3982,6960
37700,1982,1595,2273,3648,4449
37860,1982,4412,6406,8998,10321
37900,1982,5893,8279,6738,18948
37980,1982,80036,123622,175961,286337
38060,1982,27994,62352,60633,112526
38220,1982,1537,1410,2122,3537
38300,1982,37196,60750,97826,163954
38340,1982,2652,2951,4427,6158
38540,1982,1310,1747,1433,3610
38860,1982,7199,9692,11433,17290
38900,1982,25443,39280,35393,95808
38940,1982,3328,5101,4782,8706
39100,1982,7912,8845,12428,17004
39140,1982,1568,1915,1125,3092
39300,1982,25289,29164,40896,75164
39340,1982,2876,4616,5093,8426
39380,1982,2080,2055,2937,10808
39460,1982,1160,1526,976,4113
39540,1982,2936,5464,3211,9864
39580,1982,7895,12092,18264,22079
39660,1982,1986,1968,2181,3834
39740,1982,5072,8824,7605,18194
39820,1982,2651,2315,2435,15984
39900,1982,5143,10614,9600,21112
40060,1982,13537,20697,30719,45589
40140,1982,23678,38450,35630,77101
40220,1982,4386,5190,7517,15167
40340,1982,2128,2139,3603,5492
40380,1982,13462,20032,28698,43215
40420,1982,4883,6810,9991,16206
40580,1982,1983,2762,2892,5792
40660,1982,1282,1619,1383,3772
40900,1982,19528,30564,44398,67815
40980,1982,3169,3600,3500,14455
41060,1982,2427,2625,3011,5683
41100,1982,529,570,444,1028
41140,1982,2021,2082,2715,4551
41180,1982,39316,98711,92403,133612
41420,1982,4457,5595,5419,13465
41500,1982,5225,6739,7180,11799
41540,1982,1647,1713,2220,3796
41620,1982,12420,21168,24518,43131
41660,1982,1958,3065,5007,4588
41700,1982,18155,36810,44167,58717
41740,1982,31267,52213,56638,106864
41780,1982,1397,1398,2551,4186
41860,1982,66773,171275,164691,225881
41940,1982,24240,69553,65655,106800
42020,1982,3340,9045,3881,6589
42060,1982,6674,14955,12064,20294
42100,1982,3966,4789,20239,8968
42140,1982,1976,1916,2410,3204
42220,1982,6573,20361,8553,14130
42340,1982,4083,5649,8281,11264
42540,1982,8705,9961,13411,22924
42660,1982,40206,62767,69438,137483
42680,1982,1579,1685,1777,3509
43100,1982,1716,1722,2058,4355
43300,1982,1758,1898,2197,6040
43340,1982,6487,12201,12088,21198
43580,1982,2683,2709,3102,10149
43620,1982,3133,3405,4700,8269
43780,1982,4704,5081,7600,13686
43900,1982,3192,4975,7120,12017
44060,1982,6219,9221,8792,19878
44100,1982,3393,3676,4399,10070
44140,1982,10268,13109,18098,30848
44180,1982,4685,6787,7492,12557
44220,1982,1966,2072,2527,7213
44300,1982,1652,2219,1819,3936
44600,1982,2088,1608,2078,9186
44700,1982,6242,12991,9305,15358
44940,1982,1195,1352,1370,2989
45060,1982,9624,11311,27720,27158
45220,1982,3792,5513,5038,8401
45300,1982,28351,57539,56533,89542
45460,1982,2660,3074,2862,8175
45500,1982,1983,2254,4616,4363
45780,1982,10083,11362,16926,33040
45820,1982,3779,5200,15033,8626
45940,1982,5518,6588,10719,16084
46060,1982,8908,21782,16382,30010
46140,1982,14659,27929,34663,50106
46220,1982,2223,3604,2915,6646
46340,1982,3049,5178,4800,8077
46540,1982,4422,6347,6335,10268
46660,1982,1599,1731,1523,4057
46700,1982,3229,5479,4544,8095
47020,1982,2083,3760,4224,4723
47220,1982,2306,1522,3813,6074
47260,1982,16186,24864,32764,54196
47300,1982,3918,6492,4959,9728
47380,1982,3235,4072,5797,8631
47580,1982,965,1182,1108,1924
47900,1982,53818,109108,143843,222688
47940,1982,3169,2453,4679,10263
48140,1982,1946,1720,2275,4936
48300,1982,1435,2582,1684,3461
48540,1982,2806,2805,3593,9467
48620,1982,9176,12500,13491,30493
48660,1982,3073,5639,5306,6806
48700,1982,1922,2427,4195,5499
48900,1982,2960,4475,3969,8867
49020,1982,1355,1294,2017,3479
49180,1982,5088,7193,13430,15494
49340,1982,10747,13923,18210,37562
49420,1982,3022,3696,3234,7940
49620,1982,4847,5978,8334,16864
49660,1982,9247,11280,13248,36679
49700,1982,1691,5177,1644,3510
49740,1982,1479,2440,1580,3369
10180,1987,3165,3241,3639,12058
10420,1987,11092,16109,25495,37942
10500,1987,2539,3398,4252,6382
10580,1987,13609,15750,33123,39549
10740,1987,11500,19044,22015,33956
10780,1987,2470,2696,3482,6352
10900,1987,12309,15913,24917,37286
11020,1987,2408,3310,4439,5888
11100,1987,4230,4919,6424,16051
11180,1987,1276,1131,1503,2720
11260,1987,5320,6789,9075,26374
11300,1987,2089,2477,2920,7366
11340,1987,2411,2366,3802,4361
11460,1987,5124,6680,10795,17004
11500,1987,1753,2346,2420,4561
11540,1987,3223,5196,5081,7769
11700,1987,6056,6889,10577,32533
12020,1987,2368,2301,4392,4500
12060,1987,53520,126083,149381,240469
12100,1987,4352,12394,14293,12653
12220,1987,1173,1241,2705,2931
12260,1987,6402,9355,13603,16013
12420,1987,15577,26880,24681,68116
12540,1987,7984,12365,12729,29977
12580,1987,38541,94533,94894,139576
12620,1987,2811,3551,4893,6489
12700,1987,5164,7999,7803,10981
12940,1987,10109,14600,19622,37712
12980,1987,2253,2745,5844,6083
13020,1987,1842,1687,2696,3713
13140,1987,5985,8136,10141,22105
13380,1987,2788,3361,5133,4417
13460,1987,2065,1700,2911,4239
13740,1987,3338,3875,4792,8474
13780,1987,4128,3751,6560,12746
13820,1987,15971,24895,38650,61216
13900,1987,2068,2238,2258,4429
13980,1987,1910,2048,3115,4608
14020,1987,2531,3003,25400,5662
14060,1987,2262,2878,4582,6143
14260,1987,6056,7504,11053,18127
14460,1987,83270,128147,224323,331619
14500,1987,5357,6584,7888,15620
14540,1987,1657,1677,3266,4083
14740,1987,2677,2486,3336,4672
14860,1987,20564,30968,41323,61860
15180,1987,3555,4190,5054,10403
15260,1987,1743,2310,2922,4937
15380,1987,19492,24522,42290,61857
15500,1987,2296,2764,5300,7427
15540,1987,4175,5993,7954,7772
15940,1987,6976,8073,14277,22598
15980,1987,6825,10832,10777,15967
16020,1987,1988,1787,3272,3827
16180,1987,1074,1947,1840,2863
16220,1987,1933,1861,1753,5744
16300,1987,4253,5217,7576,10567
16580,1987,3609,4308,7271,8846
16620,1987,5168,6305,9234,14657
16700,1987,7895,13041,14440,24180
16740,1987,19846,32822,57361,83301
16820,1987,2966,3584,5514,5396
16860,1987,7502,10603,20582,22532
16940,1987,1544,1403,1879,3936
16980,1987,136274,206212,330780,550995
17020,1987,3449,3650,5218,7411
17140,1987,29127,48556,82161,107859
17300,1987,2560,2990,4402,6075
17420,1987,1408,1336,4058,3994
17460,1987,36656,59671,86126,154590
17660,1987,1551,1405,2412,3404
17780,1987,2399,2531,2727,7752
17820,1987,7847,12456,12570,23990
17860,1987,2450,3860,4202,5862
17900,1987,9540,17247,19739,30511
17980,1987,911,794,1586,1696
18020,1987,1299,1460,2583,2669
18140,1987,21853,40728,64972,79288
18580,1987,6748,8317,10723,24872
18700,1987,1423,1145,1925,2271
18880,1987,2808,3657,4089,7091
19060,1987,1886,2025,2635,2740
19100,1987,71463,151161,176489,379225
19140,1987,1948,4662,6069,6560
19180,1987,1617,1128,2709,5133
19260,1987,1804,1477,2493,3433
19340,1987,6659,7125,13198,23113
19380,1987,13055,19525,31614,41083
19460,1987,2161,2559,3697,4485
19500,1987,2186,2971,4324,8095
19660,1987,6679,10133,10961,18595
19740,1987,35083,63627,67391,167439
19780,1987,8478,11261,18691,25975
19820,1987,66458,105528,168646,259488
20020,1987,2475,3469,4657,5724
20100,1987,1907,2776,3058,6155
20220,1987,1812,2023,2890,6696
20260,1987,4975,4769,8294,12072
20500,1987,5830,7935,12408,22090
20740,1987,2628,3392,4428,4252
20940,1987,1565,1728,2264,3631
21060,1987,1440,1996,2218,2739
21140,1987,3435,4966,11185,11067
21300,1987,1573,1752,3248,3510
21340,1987,7706,16228,15630,27275
21500,1987,4793,6674,8679,14457
21660,1987,6225,7613,10560,13019
21780,1987,6476,7648,11969,17175
21820,1987,1354,1237,1772,4139
22020,1987,3434,4496,5931,7524
22140,1987,1531,1517,2261,6136
22180,1987,3659,4580,7289,8548
22220,1987,3973,4767,9298,11509
22380,1987,1683,2639,2884,4744
22420,1987,6168,9096,13901,21974
22500,1987,3138,3556,6716,8850
22520,1987,2369,2212,3728,5424
22540,1987,1702,1326,2921,2331
22660,1987,4082,5055,6219,10006
22900,1987,4120,4936,9289,11159
23060,1987,6772,12291,16824,21838
23420,1987,11003,13547,22676,26281
23460,1987,1557,1488,3805,3729
23540,1987,3471,5312,6127,9005
23580,1987,1959,2479,5346,4969
24020,1987,2343,1672,4243,3463
24140,1987,1730,1647,3681,3196
24220,1987,2020,1782,3364,3264
24300,1987,2035,2932,2615,5617
24340,1987,11035,16995,29539,32008
24500,1987,1840,2438,2259,3731
24540,1987,2310,2655,4816,6980
24580,1987,4672,7894,8581,11725
24660,1987,11053,17943,26380,41948
24780,1987,1994,2800,3740,4017
24860,1987,8406,12412,33362,34408
25060,1987,3498,4475,5281,9066
25180,1987,3145,3678,5797,6438
25260,1987,1200,1278,1512,2325
25420,1987,8064,9145,20028,21462
25500,1987,1645,1909,2685,3538
25540,1987,22750,30730,66440,64806
25620,1987,1886,1937,3126,4711
25860,1987,5303,6781,13156,15644
25980,1987,451,428,662,767
26100,1987,3071,5150,6436,9171
26180,1987,14688,21682,36053,47080
26300,1987,1739,1661,2302,4411
26380,1987,3109,3668,4636,13630
26420,1987,59283,116404,141122,324292
26580,1987,4594,4823,8570,11066
26620,1987,4693,7017,10822,16725
26820,1987,1755,1932,2334,5131
26900,1987,22213,36775,58991,85125
26980,1987,2131,2237,2670,4225
27060,1987,1638,1352,2519,2801
27100,1987,2363,2892,4153,6135
27140,1987,8039,12424,15877,36135
27180,1987,1899,3020,3485,5113
27260,1987,16397,32131,38010,60049
27340,1987,1603,2783,2303,3107
27500,1987,2406,2887,4153,5687
27620,1987,2431,2100,4262,4975
27740,1987,2610,2491,4957,4843
27780,1987,2726,2579,4848,5192
27860,1987,1831,1666,3076,3967
27900,1987,2882,4190,4635,6843
28020,1987,4904,5412,10467,12829
28100,1987,1652,1523,2636,4092
28140,1987,29532,58004,70868,114275
28420,1987,2572,2508,5014,7955
28660,1987,3331,3553,5992,10269
28700,1987,4311,4680,8549,11191
28740,1987,3205,2433,4940,10934
28940,1987,10263,15716,20099,27814
29020,1987,1715,1252,2711,5211
29100,1987,2336,3011,5166,4652
29140,1987,2547,3316,4933,6286
29180,1987,4624,5934,7182,24346
29340,1987,3070,5029,4070,8377
29420,1987,1636,2499,2110,3792
29460,1987,6611,10041,13317,19528
29540,1987,7334,9564,15870,19630
29620,1987,6682,9726,14143,21150
29700,1987,1863,2114,2340,6076
29740,1987,1834,2912,3242,4039
29820,1987,9978,21050,37673,32880
29940,1987,1470,2312,2362,2728
30020,1987,1713,1451,2290,3686
30140,1987,1927,2197,3248,3245
30300,1987,1172,997,1641,1996
30340,1987,2089,2399,3365,5123
30460,1987,7130,10518,13525,24691
30620,1987,2201,2255,4045,5470
30700,1987,4553,5114,8876,10958
30780,1987,10240,13416,19502,41480
30860,1987,1111,1067,2161,2630
30980,1987,3934,4240,4411,13063
31020,1987,1578,1389,3038,2422
31100,1987,199808,351141,582169,837895
31140,1987,17712,22754,43263,56933
31180,1987,4758,5792,6919,14405
31340,1987,3628,3650,6372,8178
31420,1987,3708,5139,6448,10581
31460,1987,1179,1015,1611,1964
31540,1987,8512,12000,16775,16873
31700,1987,7614,12872,16818,26180
31740,1987,1749,1486,2640,3220
31860,1987,1680,963,3008,2985
31900,1987,2244,1946,4202,5658
32580,1987,4316,5590,7272,13111
32780,1987,3133,4309,5019,5708
32820,1987,16502,26788,44914,71051
32900,1987,2180,1997,3683,7557
33100,1987,45172,85423,84806,139371
33140,1987,1790,1708,3295,5352
33260,1987,2806,3093,3867,13157
33340,1987,26041,42836,58201,73324
33460,1987,44008,79701,124069,172352
33540,1987,2169,1823,3710,4056
33660,1987,6512,8597,12623,22472
33700,1987,5612,6580,11420,13284
33740,1987,3363,3735,7829,8787
33780,1987,1553,1607,1919,2891
33860,1987,5071,7097,12212,18129
34060,1987,1760,1861,2773,4114
34100,1987,1558,1488,3239,3713
34580,1987,1777,1844,2945,3124
34620,1987,2082,2154,4343,5744
34740,1987,2526,2404,4706,8035
34820,1987,3580,5739,5622,9725
34900,1987,2490,2161,3250,5362
34940,1987,3816,6341,6048,8150
34980,1987,19245,34004,50091,73596
35300,1987,16853,18864,36953,46122
35380,1987,21280,32189,40575,97528
35620,1987,359297,462116,804090,1127892
35660,1987,2839,3343,5798,7516
35840,1987,10419,13333,16613,24682
35980,1987,4483,6260,7919,10528
36100,1987,3348,4234,5360,7275
36140,1987,2249,2943,3455,3826
36220,1987,2650,3266,2654,12512
36260,1987,4353,4793,7622,11704
36420,1987,18264,27241,32098,71997
36500,1987,2741,3364,4715,6341
36540,1987,12596,19266,29839,39754
36740,1987,21535,44820,56207,79916
36780,1987,2709,3238,5111,4834
36980,1987,2053,1777,3000,6172
37100,1987,10843,17250,23959,34555
37340,1987,6445,10858,11755,21960
37380,1987,384,416,839,732
37460,1987,2765,4518,4615,7463
37620,1987,3038,2807,5217,6082
37700,1987,1826,1491,2415,4465
37860,1987,5667,9546,10790,16154
37900,1987,6136,6955,10861,17830
37980,1987,92433,137922,240635,342756
38060,1987,37647,78169,88727,160481
38220,1987,1665,2580,2316,3590
38300,1987,41277,58083,94004,137422
38340,1987,3137,3868,5425,8054
38540,1987,1377,1500,1393,3630
38860,1987,9857,14667,18156,21552
38900,1987,29685,42971,62531,86162
38940,1987,4601,8395,8221,10281
39100,1987,10069,11588,16774,20107
39140,1987,2256,2609,2952,3799
39300,1987,29810,37390,61474,77199
39340,1987,3222,4022,7005,8989
39380,1987,2260,2152,2664,5275
39460,1987,1626,1981,2402,3078
39540,1987,3192,4799,5366,7582
39580,1987,10826,18315,21770,34199
39660,1987,2275,2696,3175,4465
39740,1987,5838,7458,12336,16578
39820,1987,3391,3377,5728,5648
39900,1987,6191,12523,15320,25207
40060,1987,16777,26399,41407,55451
40140,1987,31577,60173,80446,99399
40220,1987,5277,7337,11694,17559
40340,1987,2367,2675,4514,5573
40380,1987,15552,19434,44727,73485
40420,1987,5343,6317,10949,17377
40580,1987,2302,4273,5835,8888
40660,1987,1471,2083,3457,3701
40900,1987,24841,40470,56009,82676
40980,1987,3549,3470,6692,8365
41060,1987,2856,2495,5886,5473
41100,1987,796,1081,971,2318
41140,1987,2126,2712,3036,5942
41180,1987,44897,70865,113682,168329
41420,1987,5040,6593,7786,11908
41500,1987,6186,8045,11334,15438
41540,1987,1935,2796,3702,5140
41620,1987,14038,24660,36251,56654
41660,1987,2077,2196,2679,8284
41700,1987,21754,36458,45330,86215
41740,1987,40041,77813,98018,146385
41780,1987,1511,1960,3290,3434
41860,1987,78677,124606,186985,272708
41940,1987,28258,47706,82646,113005
42020,1987,4493,5631,6464,8825
42060,1987,7854,9664,22261,31395
42100,1987,4902,6444,7137,12395
42140,1987,2410,3096,3507,5813
42220,1987,8725,10511,14582,16950
42340,1987,4749,7583,10123,15253
42540,1987,9733,13563,19320,29286
42660,1987,49263,79420,111660,145503
42680,1987,2033,3244,3109,6506
43100,1987,1867,2174,3429,3490
43300,1987,1995,2766,2175,6019
43340,1987,6729,8087,10677,25757
43580,1987,2752,3167,4827,9004
43620,1987,3616,3419,5719,7741
43780,1987,5320,7424,11353,17660
43900,1987,3825,5583,9347,10310
44060,1987,7015,9108,12504,22613
44100,1987,3808,3818,6966,8869
44140,1987,11852,16763,27899,33071
44180,1987,6029,6701,10735,14190
44220,1987,2135,2551,4142,5475
44300,1987,2047,3077,3847,4963
44600,1987,2138,2612,3514,3711
44700,1987,7330,10105,14417,17864
44940,1987,1412,1280,2486,2933
45060,1987,11220,15647,24827,35787
45220,1987,4722,5585,9357,9382
45300,1987,37112,66371,76043,128469
45460,1987,2757,2905,4499,5773
45500,1987,2141,2554,3009,5239
45780,1987,11100,15123,25833,36180
45820,1987,4171,4737,7248,9810
45940,1987,6574,14256,15422,20063
46060,1987,11074,21401,24002,40620
46140,1987,15197,23443,24282,61631
46220,1987,2690,3807,4195,7375
46340,1987,3594,3248,4858,11341
46540,1987,4964,4728,8889,11096
46660,1987,1907,2870,3356,4117
46700,1987,4135,5843,7604,11428
47020,1987,2171,1806,1902,6268
47220,1987,2569,3184,4965,4615
47260,1987,20558,36037,49421,82606
47300,1987,4455,6084,10211,10222
47380,1987,3667,4298,5710,12455
47580,1987,1237,1667,2115,3016
47900,1987,68407,139587,207272,239975
47940,1987,3128,3504,6451,8767
48140,1987,2182,2766,3800,3248
48300,1987,1774,1755,2519,3664
48540,1987,2910,2897,4126,6164
48620,1987,9819,12308,17200,59447
48660,1987,3098,4427,3385,9618
48700,1987,2239,2679,4171,5767
48900,1987,4145,5030,6713,10449
49020,1987,1779,1966,3454,3085
49180,1987,6333,9631,14727,24526
49340,1987,12891,17327,27166,42885
49420,1987,3344,3379,6341,7133
49620,1987,5755,8258,11149,17892
49660,1987,10059,11840,16911,30064
49700,1987,1916,2239,2583,3387
49740,1987,1714,3115,3092,4977
10180,1992,3106,2924,6270,7121
10420,1992,12064,12017,33889,37656
10500,1992,2554,2651,4724,6198
10580,1992,14009,13053,28667,39744
10740,1992,11997,17599,31056,37539
10780,1992,2421,1775,4656,5896
10900,1992,13155,14432,21155,33649
11020,1992,2524,1773,3659,6189
11100,1992,4149,4377,7337,10179
11180,1992,1408,1047,2302,4080
11260,1992,5872,5933,12861,17699
11300,1992,2116,1909,3274,4826
11340,1992,2577,3184,4476,5977
11460,1992,5667,5130,12579,20656
11500,1992,1878,2049,3125,4857
11540,1992,3557,4110,7007,8604
11700,1992,6512,6016,11389,14932
12020,1992,2593,10908,3427,7434
12060,1992,60421,108995,179383,257813
12100,1992,4564,3691,6977,12084
12220,1992,1360,1530,2377,3251
12260,1992,6857,6697,15074,20121
12420,1992,16576,27131,37812,47151
12540,1992,8359,10936,15719,28961
12580,1992,41819,51471,92573,157192
12620,1992,2951,2012,3869,6896
12700,1992,4940,3483,6699,9583
12940,1992,10552,12982,27865,33075
12980,1992,2339,2226,4199,6968
13020,1992,1978,1346,2429,4367
13140,1992,6101,8246,14290,18767
13380,1992,3562,4194,5621,8400
13460,1992,2466,2438,3224,4865
13740,1992,3441,2746,6361,6214
13780,1992,4193,3208,8755,12489
13820,1992,16953,19031,40945,61576
13900,1992,2201,1468,3671,3795
13980,1992,2078,1757,2961,5572
14020,1992,2796,2350,4795,5729
14060,1992,2531,3077,4836,7330
14260,1992,7246,12485,15041,18579
14460,1992,80579,103392,191244,309091
14500,1992,6210,9540,11905,15990
14540,1992,1831,1844,3788,4946
14740,1992,3360,3879,4830,6448
14860,1992,20586,20523,43466,71269
15180,1992,3925,7110,7350,10291
15260,1992,1820,1418,3456,3866
15380,1992,20633,24308,46296,63518
15500,1992,2398,1938,4884,6678
15540,1992,4601,3736,7515,10370
15940,1992,7299,5392,11053,18350
15980,1992,8012,11989,10681,25312
16020,1992,2095,2255,3386,4770
16180,1992,1269,2058,1759,3225
16220,1992,1997,1418,2461,4242
16300,1992,4438,8742,11909,14857
16580,1992,3632,3428,5787,8909
16620,1992,5519,5146,9566,17661
16700,1992,8889,11309,21202,28424
16740,1992,22370,38110,59087,89953
16820,1992,3382,2192,4316,6658
16860,1992,8003,7690,17689,29545
16940,1992,1574,1138,2683,3263
16980,1992,147924,224667,378891,566688
17020,1992,3821,3082,4980,7741
17140,1992,31124,35499,72756,114936
17300,1992,2707,2517,5736,5901
17420,1992,1540,1528,4557,3746
17460,1992,38924,40177,85583,129157
17660,1992,2005,2805,3275,3161
17780,1992,2557,4348,4431,7209
17820,1992,7957,11727,17341,22522
17860,1992,2686,2948,5302,5966
17900,1992,10296,12071,19319,32061
17980,1992,957,738,1866,1302
18020,1992,1466,1721,3142,3038
18140,1992,23939,37036,64285,87599
18580,1992,6753,7619,11610,18380
18700,1992,1503,1378,3311,2585
18880,1992,3020,3594,5556,7610
19060,1992,1936,1397,1966,3928
19100,1992,73939,148668,202462,351894
19140,1992,2224,2697,5729,6558
19180,1992,1569,1268,2630,3975
19260,1992,1888,1562,3528,3920
19340,1992,6976,6708,13078,18909
19380,1992,13564,15217,28743,50282
19460,1992,2340,2101,4062,4745
19500,1992,2261,2418,4230,6499
19660,1992,7505,8710,11353,21172
19740,1992,37808,55232,87928,121628
19780,1992,9215,13196,21561,34747
19820,1992,69938,86125,185207,242795
20020,1992,2542,2731,4979,6058
20100,1992,2130,1936,5082,5368
20220,1992,1970,1638,3768,4758
20260,1992,5255,4307,8007,11060
20500,1992,6501,7374,21393,20086
20740,1992,2813,2608,6034,6313
20940,1992,1833,1790,3738,4689
21060,1992,1580,1695,2227,3759
21140,1992,3691,4655,12642,10211
21300,1992,1638,1280,2087,5281
21340,1992,8487,13313,22671,29596
21500,1992,5053,9650,9050,18770
21660,1992,6720,7760,9736,15861
21780,1992,6543,6029,14922,18598
21820,1992,1461,1878,2183,3907
22020,1992,3620,3713,6392,8018
22140,1992,1605,1769,3405,5356
22180,1992,3797,4194,8150,8239
22220,1992,4661,5736,11632,18577
22380,1992,2024,2726,2962,4756
22420,1992,6455,5502,17100,18761
22500,1992,3366,2943,5563,8744
22520,1992,2549,1897,5419,7442
22540,1992,1823,1165,2917,3004
22660,1992,4471,4208,7193,9434
22900,1992,4298,4570,10792,10053
23060,1992,7196,7928,17399,21842
23420,1992,11714,20500,19788,34447
23460,1992,1643,1856,2934,5249
23540,1992,3860,4420,5981,9082
23580,1992,2097,1859,3787,4694
24020,1992,2426,1824,3173,5628
24140,1992,1731,890,2566,3583
24220,1992,2082,2103,2679,4623
24300,1992,2179,2371,3084,4592
24340,1992,12186,12980,26508,37306
24500,1992,1927,1690,2901,3141
24540,1992,2421,2393,3438,4324
24580,1992,5058,3795,10568,11989
24660,1992,12052,15937,27710,41573
24780,1992,2184,3032,4052,5058
24860,1992,9307,10244,20843,32273
25060,1992,3521,4100,5919,11112
25180,1992,3474,3043,5760,7732
25260,1992,1204,1174,2476,2595
25420,1992,8732,9184,18272,27965
25500,1992,1920,2866,3184,3776
25540,1992,22400,23465,43616,87666
25620,1992,2019,2356,2868,5334
25860,1992,5648,5097,12502,14970
25980,1992,493,510,1523,1036
26100,1992,3716,3244,7893,8241
26180,1992,15621,16545,34362,49951
26300,1992,1843,1690,4447,3655
26380,1992,3167,2765,5638,10157
26420,1992,66129,131528,191918,298041
26580,1992,4761,3162,7667,11081
26620,1992,5414,9100,13056,18233
26820,1992,1912,1738,4061,3961
26900,1992,25132,43683,56932,93928
26980,1992,2304,2151,4830,4812
27060,1992,1758,1473,2306,3001
27100,1992,2528,2343,3933,5787
27140,1992,8189,9119,21890,26977
27180,1992,2099,3095,5279,4841
27260,1992,17779,29747,38358,63385
27340,1992,1731,1735,2666,3216
27500,1992,2471,2669,7517,6300
27620,1992,2485,1888,4009,5116
27740,1992,2730,3930,5349,6734
27780,1992,2776,2081,4328,5673
27860,1992,1930,1437,3576,4283
27900,1992,3027,3179,6849,8722
28020,1992,5333,7570,12163,15770
28100,1992,1737,1444,7446,3906
28140,1992,31457,43589,73701,115343
28420,1992,2841,2560,5383,5610
28660,1992,3243,2922,7670,8935
28700,1992,4549,3490,9608,10947
28740,1992,3314,3247,3852,6438
28940,1992,10936,13420,23591,30911
29020,1992,1763,6258,2437,3074
29100,1992,2508,2310,4225,6664
29140,1992,2746,2559,5061,7001
29180,1992,4900,6181,12591,14720
29340,1992,3132,2622,10375,9058
29420,1992,2242,2614,3265,6176
29460,1992,6941,10694,13068,19736
29540,1992,8135,7345,15429,21591
29620,1992,7276,6485,13517,19599
29700,1992,2634,3864,4061,7202
29740,1992,2153,2771,3736,5543
29820,1992,13031,27208,34573,60103
29940,1992,1694,1116,2613,4037
30020,1992,1696,1513,2675,3602
30140,1992,2024,1489,3116,4307
30300,1992,1231,1010,1952,2033
30340,1992,2076,2000,2504,5556
30460,1992,7620,7930,16843,23610
30620,1992,2205,1865,3666,5310
30700,1992,4989,5215,9129,13061
30780,1992,10882,14342,25095,35101
30860,1992,1280,3480,2205,2652
30980,1992,3922,3112,6062,8822
31020,1992,1757,1424,3082,3909
31100,1992,208167,387921,498730,1058553
31140,1992,19325,21948,41306,59221
31180,1992,4884,6196,8936,13782
31340,1992,3971,6215,6756,8626
31420,1992,3863,5089,7191,15622
31460,1992,1441,1727,1862,3911
31540,1992,9303,9122,18250,22993
31700,1992,7391,7943,14095,23948
31740,1992,1848,2096,3055,2993
31860,1992,1766,2016,3031,3807
31900,1992,2359,1981,3646,6080
32580,1992,5089,7215,9436,14439
32780,1992,3479,3343,5161,7885
32820,1992,17379,25371,54702,70515
32900,1992,2308,1622,2692,6522
33100,1992,54120,82888,90665,166802
33140,1992,1992,1595,3258,4810
33260,1992,3063,2833,4289,7659
33340,1992,27970,28623,58556,87681
33460,1992,48618,68602,132851,177606
33540,1992,2355,2048,4348,3997
33660,1992,6767,7201,14758,20037
33700,1992,6179,5622,10451,18297
33740,1992,3258,2721,6772,7055
33780,1992,1814,1264,2869,3367
33860,1992,5548,6893,12818,15724
34060,1992,1888,1848,3024,5241
34100,1992,1688,2445,3777,4379
34580,1992,2217,2922,3202,4889
34620,1992,2100,2000,6174,6766
34740,1992,2668,1907,3801,6527
34820,1992,4122,4448,6357,8871
34900,1992,2773,2391,3784,6227
34940,1992,4954,6931,6195,12481
34980,1992,20985,30758,50688,71002
35300,1992,16441,15482,28186,50665
35380,1992,21389,31547,51360,79135
35620,1992,354964,393392,745614,1153388
35660,1992,3027,2494,6216,9113
35840,1992,11101,13508,20323,30843
35980,1992,4532,4028,6985,12108
36100,1992,3715,5505,5662,8426
36140,1992,2298,1072,3142,4048
36220,1992,2532,4024,4576,6578
36260,1992,4691,8158,10036,12908
36420,1992,19181,22883,38243,56429
36500,1992,3393,2753,6350,6434
36540,1992,13479,16058,28204,40690
36740,1992,25804,47738,58995,98121
36780,1992,2923,2485,6745,7041
36980,1992,2078,3458,2963,4905
37100,1992,12111,11857,20458,35989
37340,1992,7622,8365,12599,24965
37380,1992,478,613,461,1048
37460,1992,2967,2917,5399,6889
37620,1992,3101,2854,4953,5959
37700,1992,1813,1461,5830,3769
37860,1992,6009,7316,12823,16302
37900,1992,6392,6867,10917,17242
37980,1992,97074,120470,202080,376369
38060,1992,40147,69655,101772,156836
38220,1992,1617,1100,2851,3770
38300,1992,43548,45903,92205,132695
38340,1992,3104,1968,4997,8044
38540,1992,1474,1668,2196,3581
38860,1992,9951,9317,15179,30141
38900,1992,33670,39230,67901,109526
38940,1992,5464,5904,6231,15735
39100,1992,10518,9227,15696,28391
39140,1992,2756,3259,3556,4685
39300,1992,29242,28913,49808,88083
39340,1992,3707,6485,10090,14292
39380,1992,2239,1723,4253,4642
39460,1992,2103,3123,2481,5323
39540,1992,3453,2433,9654,9862
39580,1992,12576,19984,23825,37647
39660,1992,2547,2485,3918,4998
39740,1992,6204,6562,11278,17800
39820,1992,3726,2903,4596,8315
39900,1992,6939,7345,12340,20665
40060,1992,18451,22565,37539,60820
40140,1992,36067,52764,72220,135613
40220,1992,5657,6111,10112,16099
40340,1992,2583,2480,6203,5957
40380,1992,16354,20520,35842,54956
40420,1992,5740,5093,12300,16593
40580,1992,2438,2932,4316,6540
40660,1992,1511,2592,4027,3817
40900,1992,27935,31930,54181,87252
40980,1992,3812,2745,6600,8535
41060,1992,3212,2366,7899,7696
41100,1992,1109,1661,1917,2359
41140,1992,2231,1655,3751,5250
41180,1992,47350,53484,105320,159310
41420,1992,5629,7070,8789,14455
41500,1992,6505,7593,9702,17308
41540,1992,2125,1874,3148,6657
41620,1992,15289,20978,45212,58561
41660,1992,2029,2847,3049,5009
41700,1992,22211,38620,53155,72757
41740,1992,44250,57624,90693,170410
41780,1992,1664,1540,2566,4357
41860,1992,82939,95511,177856,314131
41940,1992,30550,50159,78575,151826
42020,1992,4935,4027,7185,11509
42060,1992,8221,6873,13860,24364
42100,1992,5360,4552,8010,12978
42140,1992,3024,2803,4039,6748
42220,1992,9773,8549,13079,22781
42340,1992,5068,7258,11451,14302
42540,1992,10340,11287,19210,31101
42660,1992,56971,73761,152007,198432
42680,1992,2444,1830,2671,5031
43100,1992,1931,1571,3292,4515
43300,1992,1849,1529,2173,4492
43340,1992,6236,7211,15675,18299
43580,1992,2852,3996,5309,8085
43620,1992,4058,3942,8330,9334
43780,1992,5621,6944,11746,15152
43900,1992,4197,5550,9341,13402
44060,1992,7856,7901,15818,19196
44100,1992,4082,4237,7048,11376
44140,1992,11522,10564,18480,32075
44180,1992,6710,7929,12323,14603
44220,1992,2188,1620,3850,6803
44300,1992,2281,2021,3911,5235
44600,1992,2207,1275,3455,5156
44700,1992,7798,6807,12442,22466
44940,1992,1459,2941,2626,3158
45060,1992,11687,12262,26299,38898
45220,1992,5228,5511,9453,13282
45300,1992,39836,60545,90426,151663
45460,1992,2910,2933,4798,7084
45500,1992,2148,1818,3447,5370
45780,1992,11572,11162,24441,36824
45820,1992,4330,3443,6606,9480
45940,1992,6812,5598,20614,24836
46060,1992,11743,13861,22642,35518
46140,1992,15682,17147,30344,47639
46220,1992,2937,2231,4379,7242
46340,1992,3576,3916,5986,7545
46540,1992,5126,3158,8948,12289
46660,1992,1995,1705,2772,4818
46700,1992,4823,5684,9731,15211
47020,1992,2113,1624,2916,3852
47220,1992,2470,2024,4359,8324
47260,1992,21663,30509,50722,76332
47300,1992,4790,4695,11246,12723
47380,1992,3625,4747,6811,9985
47580,1992,1347,1710,2178,2933
47900,1992,75455,133992,184381,311721
47940,1992,3223,2613,4920,7309
48140,1992,2466,1331,4718,5079
48300,1992,2056,1483,2746,3405
48540,1992,2962,2374,4372,6830
48620,1992,9952,11491,20640,33102
48660,1992,2911,4316,3923,6426
48700,1992,2371,1474,4228,5443
48900,1992,4848,5337,8710,10328
49020,1992,1970,1373,3338,3924
49180,1992,6942,7568,19474,22834
49340,1992,12246,13316,22808,42684
49420,1992,3618,2979,7284,8298
49620,1992,6110,4972,11323,18209
49660,1992,10394,8768,19381,26142
49700,1992,2101,2087,2505,4578
49740,1992,1972,2470,5494,25039
10180,1997,3200,3345,5215,8567
10420,1997,13159,15060,25477,43038
10500,1997,2712,2666,6030,6926
10580,1997,14210,15905,30647,45210
10740,1997,13512,19474,29984,46149
10780,1997,2651,3434,4271,8304
10900,1997,13516,15052,23341,33607
11020,1997,2620,2021,4751,6334
11100,1997,4476,4604,7642,13532
11180,1997,1499,1544,3084,3282
11260,1997,6617,7341,13801,18348
11300,1997,2222,2160,3588,5826
11340,1997,2826,3462,4184,7999
11460,1997,6271,8198,13305,14281
11500,1997,2064,2608,3719,6491
11540,1997,4132,5771,7446,11061
11700,1997,7496,8050,13541,15992
12020,1997,2963,3866,4010,8436
12060,1997,73575,150716,231530,314705
12100,1997,4806,6329,10783,13583
12220,1997,1596,2018,3230,4879
12260,1997,7404,9160,15215,28290
12420,1997,21323,41038,54704,70234
12540,1997,8106,9101,17233,27092
12580,1997,44686,66551,107710,145844
12620,1997,3071,2551,3911,6937
12700,1997,5612,4484,7532,9219
12940,1997,12020,16982,29482,39085
12980,1997,2491,2458,5487,8224
13020,1997,2134,2087,3204,4492
13140,1997,6379,7315,12891,19388
13380,1997,4117,3315,6313,10410
13460,1997,3130,3194,4474,6419
13740,1997,3950,3510,5607,8244
13780,1997,3956,4032,6933,11868
13820,1997,18675,30753,48495,72058
13900,1997,2363,1688,4221,4456
13980,1997,2360,2571,4801,5379
14020,1997,3068,3471,6158,7648
14060,1997,2780,3381,6610,9257
14260,1997,9146,12596,19953,27113
14460,1997,88135,132319,233651,303916
14500,1997,7761,9946,15313,23598
14540,1997,2081,3041,4689,6211
14740,1997,3772,4081,5033,8456
14860,1997,21660,24022,51103,62728
15180,1997,4315,5364,8195,12138
15260,1997,2179,2404,3178,18194
15380,1997,20522,24791,40825,64287
15500,1997,2585,3026,5579,8928
15540,1997,5020,8777,7415,11347
15940,1997,7705,8312,13106,22995
15980,1997,8640,10633,15089,22869
16020,1997,2173,1439,2868,5185
16180,1997,1629,2010,1922,3690
16220,1997,2154,1794,3757,3745
16300,1997,4878,5431,15367,21662
16580,1997,3817,4649,6736,10176
16620,1997,5937,7523,12960,16079
16700,1997,9699,14112,22163,25615
16740,1997,26037,57024,68432,103031
16820,1997,3861,3134,6402,6836
16860,1997,8585,13093,21515,25191
16940,1997,1812,1929,2798,4267
16980,1997,160511,221084,427509,575168
17020,1997,3599,2740,5766,7973
17140,1997,33626,61097,92313,129134
17300,1997,3153,4128,6479,8110
17420,1997,1739,1605,4295,4375
17460,1997,41657,57244,105763,147524
17660,1997,2693,2707,3402,5039
17780,1997,2940,4048,4723,7323
17820,1997,9924,15363,23777,29880
17860,1997,3073,2700,6684,7342
17900,1997,11417,14464,25534,34931
17980,1997,1136,1051,2046,3426
18020,1997,1610,1854,2998,3847
18140,1997,26548,62069,77712,116037
18580,1997,7243,13170,15019,22428
18700,1997,1659,1721,2406,3678
18880,1997,3570,4127,6800,9461
19060,1997,1918,1308,2951,2712
19100,1997,84812,189176,302635,388710
19140,1997,2427,2836,7072,8693
19180,1997,1518,1654,1950,3409
19260,1997,2006,1670,2295,3283
19340,1997,7271,8110,15201,20085
19380,1997,14187,22410,41618,53863
19460,1997,2619,2951,5296,6090
19500,1997,2249,2357,4566,6054
19660,1997,8147,9797,12709,21839
19740,1997,45415,81875,109742,160666
19780,1997,9874,14616,25063,34786
19820,1997,75459,117102,227866,298326
20020,1997,2846,3923,5051,8901
20100,1997,2257,3913,4757,5877
20220,1997,2070,3069,3751,5474
20260,1997,5664,4838,8712,13166
20500,1997,7627,10692,24291,26907
20740,1997,3014,3041,5598,8059
20940,1997,1840,1924,2528,4638
21060,1997,1708,2725,2332,4477
21140,1997,4008,4453,11563,15199
21300,1997,1534,1104,3122,3799
21340,1997,8941,13575,24423,33536
21500,1997,5215,7260,9307,15134
21660,1997,7591,7937,14253,18776
21780,1997,6847,8863,13395,19115
21820,1997,1660,1677,2620,3332
22020,1997,3993,5570,12366,11788
22140,1997,1905,2558,3869,6056
22180,1997,4319,4687,8608,11276
22220,1997,5815,8759,17896,16684
22380,1997,2570,3291,5695,8331
22420,1997,6934,8393,12812,22419
22500,1997,3605,3766,7538,9558
22520,1997,2800,3014,4857,9839
22540,1997,1985,1702,2565,4464
22660,1997,5816,7016,9360,12689
22900,1997,4721,8169,9819,13510
23060,1997,7735,8173,19773,24349
23420,1997,11658,13068,22845,31952
23460,1997,1800,1378,2689,4296
23540,1997,4124,4672,7426,17504
23580,1997,2470,3610,4795,6271
24020,1997,2366,1872,3346,6819
24140,1997,1878,1862,3343,4359
24220,1997,2111,1138,4364,4464
24300,1997,2748,2132,4165,6119
24340,1997,13614,14684,33726,40484
24500,1997,2058,1378,3167,4852
24540,1997,2917,2767,5112,7473
24580,1997,5731,12293,11635,15733
24660,1997,13446,19381,32265,42228
24780,1997,2515,3513,4944,6401
24860,1997,10756,20430,25551,39939
25060,1997,4084,6663,10430,12416
25180,1997,3720,3785,7483,8843
25260,1997,1244,1095,1923,2135
25420,1997,9304,12363,24032,27613
25500,1997,2067,1663,3801,3915
25540,1997,22827,31909,57377,71606
25620,1997,2324,4024,5072,5279
25860,1997,6121,5127,13519,17123
25980,1997,615,734,852,1626
26100,1997,4437,5156,11013,8674
26180,1997,15485,14104,27220,44634
26300,1997,2083,2552,2469,4163
26380,1997,3470,3050,9074,7415
26420,1997,73467,138699,225716,307866
26580,1997,4981,4745,8133,12760
26620,1997,6135,7664,13827,22243
26820,1997,2265,2695,4456,4843
26900,1997,28034,45916,79767,106177
26980,1997,2581,2002,4239,5251
27060,1997,1763,1526,1947,3965
27100,1997,2765,3032,4590,7504
27140,1997,8859,11756,26597,32690
27180,1997,2325,3440,6591,6700
27260,1997,19549,35647,46645,75324
27340,1997,1971,2561,2487,3969
27500,1997,2678,2498,5412,7268
27620,1997,2697,1760,4027,6152
27740,1997,2979,7248,6307,11503
27780,1997,2809,2428,6045,8940
27860,1997,2159,2956,3253,4483
27900,1997,3225,3361,9095,12465
28020,1997,5719,5797,13768,20454
28100,1997,1900,2386,3014,7115
28140,1997,34939,52572,87824,116857
28420,1997,3319,11060,4648,18377
28660,1997,3811,4799,10223,10930
28700,1997,5056,5253,9294,15136
28740,1997,3365,2265,4556,5761
28940,1997,12003,16795,25233,45566
29020,1997,1913,1504,3072,5047
29100,1997,2675,3431,5308,6876
29140,1997,2986,4222,5764,8895
29180,1997,5607,7043,12836,15071
29340,1997,3474,4273,9574,11221
29420,1997,2519,2895,3380,5496
29460,1997,7324,10328,15609,25235
29540,1997,8632,7737,17994,20946
29620,1997,7988,8273,18362,22292
29700,1997,3021,4359,5249,6436
29740,1997,2480,2543,3569,5890
29820,1997,17202,48151,63279,75538
29940,1997,2047,3140,3041,4257
30020,1997,1778,2618,2353,4321
30140,1997,2034,1914,3434,5247
30300,1997,1383,991,1936,2587
30340,1997,2180,2159,3498,4848
30460,1997,8280,9952,23244,26839
30620,1997,2335,2133,4839,7764
30700,1997,5464,6724,11067,14188
30780,1997,11942,15771,27236,41981
30860,1997,1744,2209,3480,7716
30980,1997,4138,4328,7473,9317
31020,1997,1948,2670,3135,5145
31100,1997,212511,359499,597793,824588
31140,1997,21346,28269,57037,70775
31180,1997,5179,5954,9388,13821
31340,1997,4357,3567,7605,11289
31420,1997,4198,6262,8815,13035
31460,1997,1449,1588,2340,6783
31540,1997,10510,13825,23426,27582
31700,1997,8139,10389,17962,24366
31740,1997,2005,2478,2481,4949
31860,1997,1834,1728,3127,4584
31900,1997,2509,2277,4298,6648
32580,1997,5951,8342,11529,15804
32780,1997,3971,5026,6257,9128
32820,1997,18497,33492,63840,74695
32900,1997,2287,1921,3534,4624
33100,1997,68840,108761,130912,190465
33140,1997,2176,1324,4069,5297
33260,1997,3304,4075,5600,7989
33340,1997,29469,36557,70810,96821
33460,1997,56306,83862,164437,208626
33540,1997,2751,2598,4297,5184
33660,1997,7169,8944,19073,24153
33700,1997,6184,6419,13045,13978
33740,1997,3585,4029,5936,8943
33780,1997,1944,1413,4166,4021
33860,1997,6222,8145,12817,18999
34060,1997,2033,2322,2940,5134
34100,1997,1859,1729,4368,5560
34580,1997,2554,2328,3849,5170
34620,1997,2159,3378,5084,9391
34740,1997,2874,3676,4614,7327
34820,1997,5091,6839,8917,13199
34900,1997,2865,3043,5882,5407
34940,1997,5950,6052,9823,12016
34980,1997,24497,45496,67022,94905
35300,1997,16526,16313,34791,43331
35380,1997,23288,30480,58086,83214
35620,1997,377760,443575,826805,1094023
35660,1997,3285,2401,5243,10500
35840,1997,12073,13347,41362,29174
35980,1997,4623,4031,13450,14964
36100,1997,4147,5801,7302,9231
36140,1997,2488,1891,2936,3919
36220,1997,2594,3042,5490,6687
36260,1997,5987,11528,13687,20010
36420,1997,21569,31205,44351,64900
36500,1997,3916,3682,5360,8214
36540,1997,14473,24409,34071,59852
36740,1997,29849,62796,86555,117807
36780,1997,3020,3718,8344,13392
36980,1997,2166,2556,4234,5611
37100,1997,12450,16272,23443,39022
37340,1997,8431,15158,16824,20414
37380,1997,706,884,927,1486
37460,1997,3231,3178,5820,8084
37620,1997,3319,3016,4528,7177
37700,1997,1998,2842,4175,7165
37860,1997,6437,8224,12687,20132
37900,1997,6790,6621,14032,18883
37980,1997,101559,137162,260218,359638
38060,1997,48128,110229,166198,200772
38220,1997,1601,1166,2710,3627
38300,1997,44601,58832,104738,141338
38340,1997,3164,3512,4819,6141
38540,1997,1609,1627,2173,3436
38860,1997,11259,10679,21671,24176
38900,1997,40071,58161,100706,120260
38940,1997,5998,7667,9077,12309
39100,1997,11082,8520,15846,27437
39140,1997,3578,4252,4409,6798
39300,1997,31034,31807,56351,73010
39340,1997,4743,10258,13783,17014
39380,1997,2492,2742,4724,5089
39460,1997,2241,2381,3372,4159
39540,1997,3435,4234,5833,8940
39580,1997,15913,24579,39500,51385
39660,1997,2873,2959,4347,6484
39740,1997,6393,6754,14689,16616
39820,1997,3533,3209,5078,6942
39900,1997,8029,13771,18464,25451
40060,1997,20302,32843,47311,62492
40140,1997,36013,59350,85843,116792
40220,1997,6140,10201,12644,21881
40340,1997,2961,3358,6426,6626
40380,1997,16561,18813,46360,64636
40420,1997,6091,7496,11046,17890
40580,1997,2529,3114,5382,8135
40660,1997,1593,2618,4215,5339
40900,1997,28004,37955,63391,86623
40980,1997,4008,4421,7978,10075
41060,1997,3581,3677,6095,10798
41100,1997,1718,2729,2542,4264
41140,1997,2377,2673,3769,5264
41180,1997,49986,65533,133188,157017
41420,1997,6572,6787,11129,14670
41500,1997,6539,6637,10933,17369
41540,1997,2228,2739,4709,4421
41620,1997,18746,38437,55708,67546
41660,1997,2099,1805,4233,4600
41700,1997,24963,46088,72388,91089
41740,1997,45829,60809,117768,146203
41780,1997,1724,1849,2402,4223
41860,1997,86248,123495,238084,290407
41940,1997,33468,53573,126441,137189
42020,1997,5088,5061,9514,9987
42060,1997,8221,7315,15113,20671
42100,1997,5332,4770,8311,11341
42140,1997,3504,3092,4797,7669
42220,1997,10078,9659,18081,21486
42340,1997,5555,6524,11757,16027
42540,1997,10403,12871,21927,27971
42660,1997,63300,87708,162436,214836
42680,1997,2796,3871,4844,5382
43100,1997,2107,1712,3532,4506
43300,1997,2053,5467,3603,5251
43340,1997,6613,7724,12263,20465
43580,1997,3036,3442,6885,10931
43620,1997,4571,6283,9554,12859
43780,1997,5886,6505,12430,17469
43900,1997,4730,8318,12505,18293
44060,1997,8751,10345,17124,25233
44100,1997,4421,4613,6314,10603
44140,1997,11637,13538,21059,28352
44180,1997,7730,10500,16395,23618
44220,1997,2241,2197,4247,8708
44300,1997,2417,1934,3377,6617
44600,1997,2286,1903,2765,8160
44700,1997,7702,10217,15829,21790
44940,1997,1562,1346,5477,3036
45060,1997,11400,11458,22480,31406
45220,1997,5682,6782,10021,16237
45300,1997,42912,82089,117857,174092
45460,1997,3104,2701,4829,9567
45500,1997,2282,2958,3600,5204
45780,1997,11953,15475,27883,38604
45820,1997,4471,5168,8287,10791
45940,1997,7269,7478,16961,24007
46060,1997,13315,20961,28470,40114
46140,1997,17083,22074,42624,51824
46220,1997,3386,4071,6720,9432
46340,1997,3893,5229,6732,10055
46540,1997,4858,4829,7767,12860
46660,1997,2097,2161,3046,6227
46700,1997,4935,6421,10394,13840
47020,1997,2234,2528,2729,4966
47220,1997,2566,2274,4186,5632
47260,1997,23543,39457,59271,77878
47300,1997,4671,4791,7689,11970
47380,1997,3849,4438,7482,12485
47580,1997,1566,2580,3465,4351
47900,1997,84437,136047,246302,300586
47940,1997,3300,4183,6093,9450
48140,1997,2664,2304,5258,5824
48300,1997,2255,1884,3640,4150
48540,1997,3060,3526,5145,6519
48620,1997,10663,15976,28949,31746
48660,1997,3056,2802,4545,7353
48700,1997,2398,1318,3916,5271
48900,1997,6243,8557,10387,14337
49020,1997,2208,1492,5321,5554
49180,1997,7713,8762,18980,23108
49340,1997,13169,14937,27723,36492
49420,1997,3814,4108,6999,8454
49620,1997,6266,5437,13197,20653
49660,1997,10963,12141,21995,28661
49700,1997,1996,1379,5487,4731
49740,1997,2177,3152,3160,5551
10180,2002,3134,2816,6784,8825
10420,2002,13138,16870,25455,52081
10500,2002,2664,3559,4499,7371
10580,2002,14505,19928,28758,46639
10740,2002,13540,23229,29005,53631
10780,2002,2722,3021,4382,7583
10900,2002,13803,18985,26691,46223
11020,2002,2649,2628,4444,7703
11100,2002,4556,5824,8311,17863
11180,2002,1566,1213,2550,4036
11260,2002,7013,10157,14673,21884
11300,2002,2133,2281,3621,9293
11340,2002,2950,3153,3781,11180
11460,2002,6379,7417,12056,31791
11500,2002,2056,2189,2811,6577
11540,2002,4543,6126,10415,18521
11700,2002,8218,8777,12788,21547
12020,2002,3268,3462,4879,9847
12060,2002,81588,175758,214836,437529
12100,2002,4992,6502,11427,14694
12220,2002,1654,2265,3131,6077
12260,2002,7623,11155,13574,26465
12420,2002,23921,45154,59604,130700
12540,2002,8674,17372,19654,36061
12580,2002,46088,70712,96965,176916
12620,2002,3291,3192,4690,9268
12700,2002,6107,5506,8489,13165
12940,2002,12499,23703,30217,57906
12980,2002,2421,2815,4813,9875
13020,2002,2061,1759,2538,5527
13140,2002,6213,8011,13019,24113
13380,2002,4492,4307,6767,10848
13460,2002,3809,4400,4495,7902
13740,2002,4218,3895,6544,10377
13780,2002,3944,6719,6795,15435
13820,2002,18867,33593,39099,79460
13900,2002,2524,2196,3568,5861
13980,2002,2505,2887,2883,8346
14020,2002,3100,4291,4728,9539
14060,2002,2909,4336,5444,10147
14260,2002,10663,18781,21929,63622
14460,2002,92197,150563,220295,444465
14500,2002,8502,8837,15843,33477
14540,2002,2158,2131,4242,6252
14740,2002,4255,5539,5165,9086
14860,2002,21614,32608,51629,79245
15180,2002,4585,11902,7817,19267
15260,2002,2263,2853,3642,5753
15380,2002,19800,32689,38505,71408
15500,2002,2672,3532,4013,10805
15540,2002,5229,8025,7682,17305
15940,2002,7657,7229,14494,25089
15980,2002,10096,14669,19411,31167
16020,2002,2246,2417,3168,6431
16180,2002,1794,2165,2447,5152
16220,2002,2236,1752,3411,4567
16300,2002,5091,7533,9892,19607
16580,2002,4011,3581,6359,12885
16620,2002,5817,7919,16604,19434
16700,2002,10861,14371,21882,40901
16740,2002,28298,53250,77556,134606
16820,2002,4288,4288,6405,9917
16860,2002,8482,13071,17644,30778
16940,2002,1985,2561,2329,4439
16980,2002,164006,269131,378839,783939
17020,2002,3871,4227,5540,9247
17140,2002,33730,64551,89989,166303
17300,2002,3132,3809,5862,10337
17420,2002,1692,1959,2961,6202
17460,2002,40867,55803,89616,190950
17660,2002,2863,3976,4298,6902
17780,2002,3127,4736,5475,8325
17820,2002,11000,17221,18814,46616
17860,2002,3244,4047,6172,11030
17900,2002,11995,17824,30688,51949
17980,2002,1147,929,1239,3000
18020,2002,1529,2578,2716,6054
18140,2002,27552,55348,84523,150441
18580,2002,7245,9211,12978,23846
18700,2002,1659,1479,2379,3912
18880,2002,3583,4753,6289,12475
19060,2002,1878,1936,2366,4588
19100,2002,88363,227650,253894,538118
19140,2002,2420,4600,5145,8821
19180,2002,1472,1486,2132,4658
19260,2002,1990,1761,2524,4932
19340,2002,7246,9060,14651,28380
19380,2002,13701,22045,31137,72421
19460,2002,2608,3019,3683,7790
19500,2002,2146,1928,3661,6748
19660,2002,8505,9603,12205,24578
19740,2002,49047,80232,112135,254044
19780,2002,10117,15425,23344,37361
19820,2002,74990,136908,185600,373398
20020,2002,2943,3449,11978,8379
20100,2002,2386,4327,4388,6600
20220,2002,2209,5805,3134,7612
20260,2002,5633,5978,8746,16099
20500,2002,8124,19181,21932,43483
20740,2002,3243,4559,5566,10375
20940,2002,1966,2361,5328,8535
21060,2002,1805,1821,2865,7567
21140,2002,4047,7235,8332,18135
21300,2002,1511,1474,2757,5304
21340,2002,9146,16001,22101,40128
21500,2002,5199,6623,9048,19656
21660,2002,7502,7025,12639,19778
21780,2002,6823,8417,13902,22052
21820,2002,1706,1764,2984,3240
22020,2002,4319,6253,7293,14156
22140,2002,2077,2475,3647,7583
22180,2002,4255,5929,7011,14811
22220,2002,6416,14112,20557,24321
22380,2002,2786,2815,5121,8263
22420,2002,6661,8500,14989,26078
22500,2002,3616,3224,6235,12532
22520,2002,2678,2539,3253,10460
22540,2002,2168,1930,3084,5623
22660,2002,6611,8365,10660,18630
22900,2002,4623,6786,7885,16872
23060,2002,7909,14191,15110,35165
23420,2002,12301,24937,28270,43251
23460,2002,1769,1434,3308,4740
23540,2002,4243,5810,7312,14631
23580,2002,2829,3022,5146,9568
24020,2002,2513,3534,3822,6521
24140,2002,1920,2067,2771,5868
24220,2002,2129,2169,2911,6610
24300,2002,3160,3621,4140,6936
24340,2002,13916,26997,31702,64299
24500,2002,2008,1929,2345,4244
24540,2002,3630,5095,5668,8381
24580,2002,6220,10826,11057,25474
24660,2002,13774,21048,26541,57771
24780,2002,2805,3052,4067,10827
24860,2002,11109,16594,25715,53542
25060,2002,4186,6356,5882,14273
25180,2002,3962,4174,7235,10016
25260,2002,1389,4084,2044,3813
25420,2002,9611,19406,26314,46498
25500,2002,2299,2017,5246,6841
25540,2002,22418,33910,46895,81882
25620,2002,2381,3680,4351,6677
25860,2002,6308,7247,9258,28706
25980,2002,639,858,860,1894
26100,2002,4767,5770,7593,17568
26180,2002,15557,19658,28603,52954
26300,2002,2165,2742,2377,5187
26380,2002,3730,3677,6374,11764
26420,2002,78154,174259,223059,377581
26580,2002,4767,4604,9078,13422
26620,2002,6457,8927,14306,24815
26820,2002,2529,2750,4860,5988
26900,2002,28788,57069,73703,139844
26980,2002,2746,4645,5094,9783
27060,2002,1811,1307,3106,3897
27100,2002,2752,3342,4103,9707
27140,2002,9220,15180,20519,36947
27180,2002,2291,3054,4556,10466
27260,2002,20793,37931,66557,96927
27340,2002,2000,2208,2617,5355
27500,2002,2755,2458,5023,7607
27620,2002,2863,3010,3675,7950
27740,2002,3059,2960,5799,11060
27780,2002,2781,3529,4482,7934
27860,2002,2236,2870,3628,6832
27900,2002,3350,4596,4235,14838
28020,2002,5801,6876,12757,22358
28100,2002,1898,1660,3738,31274
28140,2002,35928,61177,83720,157737
28420,2002,3674,3849,6948,9785
28660,2002,4054,6347,7957,14802
28700,2002,4897,7098,8273,17630
28740,2002,3607,2604,4624,6564
28940,2002,11722,19259,28215,45543
29020,2002,1899,1664,3037,7928
29100,2002,2736,3298,4967,8322
29140,2002,3125,3277,4353,9903
29180,2002,6006,8230,10897,20694
29340,2002,3423,5356,8000,11389
29420,2002,2848,3342,4233,6967
29460,2002,7366,11071,20151,27998
29540,2002,9247,10513,17274,27203
29620,2002,7971,12290,17908,26584
29700,2002,3413,5658,6187,8519
29740,2002,2638,4405,4980,7307
29820,2002,21627,60812,70967,122149
29940,2002,2251,3050,4153,5486
30020,2002,1771,2187,2990,4083
30140,2002,2130,2663,2814,5683
30300,2002,1342,1209,1341,2883
30340,2002,2257,2189,3887,6970
30460,2002,8628,12305,17839,33237
30620,2002,2348,2524,3710,8261
30700,2002,6001,7100,12598,21052
30780,2002,12330,20607,28591,56153
30860,2002,2125,2400,2951,5039
30980,2002,4144,4927,6968,12362
31020,2002,1878,2334,2204,5975
31100,2002,226390,392152,548609,1035991
31140,2002,21837,31851,46033,95936
31180,2002,5333,6825,9638,18035
31340,2002,4572,4656,7515,15186
31420,2002,4215,4413,6665,13185
31460,2002,1643,2196,2660,8170
31540,2002,11253,17384,21780,38001
31700,2002,8378,8951,15527,30692
31740,2002,2057,2052,2601,6513
31860,2002,2074,1948,3157,5754
31900,2002,2441,3138,3763,8566
32580,2002,6695,11569,15025,25666
32780,2002,4423,4038,5284,9760
32820,2002,18177,38098,47978,114906
32900,2002,2476,4393,4075,6975
33100,2002,93265,173878,165535,263699
33140,2002,2190,2299,3317,6495
33260,2002,3269,3526,4524,8815
33340,2002,29482,39582,65367,123668
33460,2002,60592,99571,162972,288821
33540,2002,3037,2641,4138,6619
33660,2002,6976,10699,18294,32307
33700,2002,6806,11384,15563,19856
33740,2002,3579,4608,5561,11108
33780,2002,2066,2113,2993,6756
33860,2002,6021,9778,10999,25138
34060,2002,2099,1642,3751,4274
34100,2002,1851,2132,3154,8351
34580,2002,2710,2742,3465,5622
34620,2002,2074,2931,3824,10526
34740,2002,2829,5321,4124,9886
34820,2002,5544,7985,8135,18829
34900,2002,3292,3578,5975,8082
34940,2002,6979,8808,10228,17078
34980,2002,24890,48397,63351,115271
35300,2002,16210,21332,30754,54436
35380,2002,23374,32600,49729,88891
35620,2002,394639,535166,801955,1436006
35660,2002,3306,4129,5162,9061
35840,2002,13157,17955,41917,72824
35980,2002,4628,6481,14866,17223
36100,2002,4585,4864,7735,11911
36140,2002,2642,1980,2958,5475
36220,2002,2560,3246,3903,7011
36260,2002,7084,9895,12230,24483
36420,2002,22407,35478,48619,84400
36500,2002,4166,4252,5475,8580
36540,2002,15249,22914,39690,54047
36740,2002,32406,71802,97414,186986
36780,2002,3014,3712,7189,10796
36980,2002,2214,1818,4256,5319
37100,2002,13613,24700,29610,49424
37340,2002,8868,12685,14312,24940
37380,2002,942,690,2039,1659
37460,2002,3282,3570,7133,10108
37620,2002,3264,2977,6368,10344
37700,2002,2080,3416,4264,7220
37860,2002,6428,9962,12777,25429
37900,2002,6860,9184,12528,22666
37980,2002,104331,187114,263224,447323
38060,2002,52428,116262,161260,283365
38220,2002,1560,1911,2099,3999
38300,2002,43944,66790,104044,158103
38340,2002,3377,2577,4595,8756
38540,2002,1680,2043,2273,5093
38860,2002,12444,13399,18091,37374
38900,2002,41709,65650,81516,167344
38940,2002,6514,6816,10582,16749
39100,2002,11994,13360,19439,29410
39140,2002,4151,4603,6059,8364
39300,2002,31860,38315,55305,92170
39340,2002,5983,10927,16626,28422
39380,2002,2596,3164,3679,6380
39460,2002,2558,2839,4314,7400
39540,2002,3420,4085,7363,11544
39580,2002,18156,28177,34958,78032
39660,2002,3099,2959,4698,9051
39740,2002,6673,7148,10716,23109
39820,2002,3626,3756,5554,7632
39900,2002,8865,13673,17954,31158
40060,2002,21307,33044,51616,84254
40140,2002,41195,80469,97114,147552
40220,2002,6342,7585,11183,24415
40340,2002,3348,4358,6980,12099
40380,2002,16910,24152,36919,69302
40420,2002,6043,7718,10261,24443
40580,2002,2586,4430,4808,9369
40660,2002,1643,2772,2710,5981
40900,2002,30720,59798,66053,117331
40980,2002,3895,6035,5726,15666
41060,2002,4096,5068,8474,10459
41100,2002,2231,3187,3857,4824
41140,2002,2417,3391,4247,6333
41180,2002,50326,85300,120402,220334
41420,2002,6755,6912,9857,17497
41500,2002,6986,12065,12448,52539
41540,2002,2370,3187,4349,6735
41620,2002,20331,42990,50627,96629
41660,2002,2154,1863,3652,5725
41700,2002,26089,52827,57921,110285
41740,2002,51395,89755,124857,201097
41780,2002,1682,1724,2990,7383
41860,2002,87802,145615,191886,472713
41940,2002,34524,71404,98530,286444
42020,2002,5929,7386,8859,11491
42060,2002,8824,13163,17953,26831
42100,2002,5751,4921,8554,15919
42140,2002,3865,3702,4681,7129
42220,2002,10969,12477,16469,34302
42340,2002,5846,9931,11643,19164
42540,2002,10243,14332,19507,39357
42660,2002,65224,120825,122966,291835
42680,2002,2862,5214,3352,8696
43100,2002,2245,2229,4008,6402
43300,2002,2120,2482,3019,7445
43340,2002,6633,7946,16353,24210
43580,2002,3096,3389,7517,19716
43620,2002,5116,6560,10670,17390
43780,2002,5719,7085,11863,21696
43900,2002,4916,7661,9858,20089
44060,2002,8782,11491,14800,30245
44100,2002,4449,4927,7490,14554
44140,2002,11926,13409,22692,36086
44180,2002,8058,11105,14387,25305
44220,2002,2192,2394,3992,8191
44300,2002,2531,2948,3579,8618
44600,2002,2172,2926,2803,10323
44700,2002,8374,14607,16509,31689
44940,2002,1600,1476,2255,6181
45060,2002,11363,13823,25210,39752
45220,2002,5991,9061,15497,18696
45300,2002,44432,77842,135389,218427
45460,2002,3035,3054,4063,10432
45500,2002,2298,3408,3770,6898
45780,2002,11889,17238,24683,46421
45820,2002,4596,5417,8301,14824
45940,2002,7621,12577,18431,29058
46060,2002,13821,23273,28334,54865
46140,2002,17577,26969,39158,70624
46220,2002,3454,3976,5824,11230
46340,2002,4097,5141,7983,11332
46540,2002,4725,6338,8225,13705
46660,2002,2246,3229,4985,6364
46700,2002,5237,9467,11642,18483
47020,2002,2278,2581,3001,7059
47220,2002,2508,3077,6502,6393
47260,2002,24593,38865,61028,93199
47300,2002,5119,9534,11201,15454
47380,2002,3923,10008,9368,16625
47580,2002,1616,5618,3403,4799
47900,2002,90974,170496,227237,417794
47940,2002,3238,2828,5378,9512
48140,2002,2799,3403,6273,8584
48300,2002,2371,2154,3059,5282
48540,2002,2997,2582,4885,7316
48620,2002,10839,16895,23832,42683
48660,2002,2957,3539,4304,7608
48700,2002,2327,2768,5190,6554
48900,2002,6772,8101,9055,20113
49020,2002,2318,2219,6200,6741
49180,2002,7985,12134,14844,33436
49340,2002,13878,17603,24188,51791
49420,2002,3858,4117,5562,10702
49620,2002,6499,8827,12784,21983
49660,2002,10691,12947,17195,41400
49700,2002,2130,2793,3101,4368
49740,2002,2365,3337,6612,6541
10180,2007,3158,2993,5408,8751
10420,2007,12962,16278,27307,41837
10500,2007,2737,2454,4177,7575
10580,2007,15469,13898,28443,45213
10740,2007,14749,18674,34311,49648
10780,2007,2850,2798,5486,6553
10900,2007,14259,15062,25266,40962
11020,2007,2674,2390,4166,6247
11100,2007,4729,4969,8732,14931
11180,2007,1668,1595,2889,3821
11260,2007,7574,11532,17912,26900
11300,2007,2072,1720,5368,6433
11340,2007,3127,3386,4756,6692
11460,2007,6431,5901,18316,23199
11500,2007,2045,2502,3728,6704
11540,2007,4763,4857,8775,14003
11700,2007,9325,9571,14338,20491
12020,2007,3660,3416,5725,7961
12060,2007,94666,156413,257858,359617
12100,2007,5376,6095,12031,18720
12220,2007,1945,2297,4700,5557
12260,2007,8153,9317,15958,23062
12420,2007,28059,54498,78863,91034
12540,2007,9601,16183,22705,34455
12580,2007,49843,57947,108746,162608
12620,2007,3348,3349,4630,7410
12700,2007,6304,4544,6867,11370
12940,2007,13553,16893,32646,44851
12980,2007,2304,2079,3709,6141
13020,2007,1955,1441,2820,5217
13140,2007,6170,7815,14447,21366
13380,2007,5322,4631,8861,10405
13460,2007,5279,4750,7200,9184
13740,2007,4716,3463,10362,8338
13780,2007,3920,4327,7457,11045
13820,2007,20098,32995,45943,67087
13900,2007,2794,2203,4512,5572
13980,2007,2607,2440,4236,9088
14020,2007,3234,3443,6016,8094
14060,2007,3092,3164,5611,8108
14260,2007,13813,17827,30376,49977
14460,2007,92874,98569,233098,314384
14500,2007,9120,10750,14742,25647
14540,2007,2307,2463,4660,6522
14740,2007,4789,3183,7388,9594
14860,2007,21689,28567,41799,83955
15180,2007,4798,7345,10331,13334
15260,2007,2544,2603,3304,5867
15380,2007,19893,22755,42954,64520
15500,2007,2709,3069,5380,7102
15540,2007,5470,6268,9006,12274
15940,2007,7429,6145,13412,18408
15980,2007,12648,20676,21957,37680
16020,2007,2352,2175,3472,6110
16180,2007,1980,2004,2504,5539
16220,2007,2512,2486,5452,5028
16300,2007,5252,6049,10946,12927
16580,2007,4049,4260,7662,11657
16620,2007,5635,5605,12025,18401
16700,2007,12735,19617,28121,35483
16740,2007,32047,58207,111359,119944
16820,2007,4807,4077,7393,10733
16860,2007,8766,10662,25970,34846
16940,2007,2147,1287,3252,4153
16980,2007,173767,229702,439334,633109
17020,2007,4068,4027,5230,8535
17140,2007,34023,60305,95283,142714
17300,2007,3369,3500,6204,9274
17420,2007,1792,2276,5154,6936
17460,2007,39975,47114,93876,140966
17660,2007,3833,5426,4962,9958
17780,2007,3426,4250,5588,9044
17820,2007,12454,14934,29327,36409
17860,2007,3652,4192,9174,9196
17900,2007,12937,15907,29655,45762
17980,2007,1228,1037,1868,2258
18020,2007,1598,1812,3290,5333
18140,2007,28182,50750,73224,111101
18580,2007,7452,7277,17300,29165
18700,2007,1748,1164,2205,3767
18880,2007,4168,5843,5671,17097
19060,2007,1855,1572,2965,4608
19100,2007,95369,205114,308677,420418
19140,2007,2425,2074,8188,10317
19180,2007,1368,979,1639,3605
19260,2007,1973,1412,3112,4795
19340,2007,7353,6056,13692,22727
19380,2007,13338,18387,27764,62408
19460,2007,2607,1992,4809,6044
19500,2007,2118,2111,3727,5998
19660,2007,10090,9780,14332,25502
19740,2007,53140,85692,123630,182913
19780,2007,10959,12386,29007,36828
19820,2007,74181,94159,161373,327035
20020,2007,3094,2839,7410,9867
20100,2007,2589,2437,4114,7593
20220,2007,2288,1745,3823,6389
20260,2007,5707,6163,10400,12335
20500,2007,8780,10803,19737,31355
20740,2007,3346,2256,5890,8234
20940,2007,2078,4706,9339,6477
21060,2007,1926,3336,3551,6880
21140,2007,4120,4495,8764,18766
21300,2007,1475,1546,2594,3446
21340,2007,9590,13442,23796,33558
21500,2007,5020,5366,9397,13961
21660,2007,8087,6586,12131,17166
21780,2007,6805,6766,16813,24797
21820,2007,1922,1496,3562,4046
22020,2007,4868,7012,10028,13380
22140,2007,2283,2902,4802,5847
22180,2007,4663,6730,14552,14438
22220,2007,7762,13343,18920,32654
22380,2007,3047,2916,5794,7244
22420,2007,6392,7373,10243,22088
22500,2007,3606,4913,7034,10007
22520,2007,2715,3098,5001,8771
22540,2007,2117,2607,3472,6366
22660,2007,7384,6876,12315,17630
22900,2007,4816,4897,10842,14864
23060,2007,8276,10349,22200,27944
23420,2007,12912,17670,28980,51352
23460,2007,1791,3157,3317,4526
23540,2007,4827,6186,8094,12262
23580,2007,3407,2940,5909,7574
24020,2007,2563,1485,3932,4952
24140,2007,1970,1844,3551,5336
24220,2007,2167,2612,4448,4865
24300,2007,3988,4478,7414,7318
24340,2007,14257,19763,32265,50460
24500,2007,2138,1457,3061,3852
24540,2007,4181,4317,7027,8791
24580,2007,6486,6103,13333,17940
24660,2007,14066,16202,31127,47209
24780,2007,3079,3604,6442,8249
24860,2007,11928,16444,30712,45550
25060,2007,4060,6301,16336,12968
25180,2007,4299,4180,6230,12127
25260,2007,1444,3796,3276,3824
25420,2007,10049,14445,23632,35108
25500,2007,2584,2653,4310,7109
25540,2007,22458,31441,54503,78924
25620,2007,2663,3112,6385,6822
25860,2007,6377,6882,10936,19730
25980,2007,740,971,1017,2088
26100,2007,4943,4797,8290,14840
26180,2007,16695,19262,36820,48800
26300,2007,2313,2022,3053,4902
26380,2007,3862,5454,10111,11559
26420,2007,85146,153811,311739,338510
26580,2007,4626,5158,9928,13775
26620,2007,7157,10129,19569,25260
26820,2007,3082,4009,4641,7603
26900,2007,30500,48602,85429,134469
26980,2007,3020,2076,9549,7536
27060,2007,1881,1422,2479,3982
27100,2007,2659,1920,3594,9152
27140,2007,9859,12134,18105,34589
27180,2007,2313,2826,4693,6582
27260,2007,25120,39424,54049,100610
27340,2007,2173,2004,3912,4960
27500,2007,2860,3014,5739,7735
27620,2007,3052,2833,4677,6900
27740,2007,3125,4236,7160,9480
27780,2007,2719,1777,6206,9837
27860,2007,2328,2915,3518,6670
27900,2007,3476,3991,5931,8313
28020,2007,5676,5924,12601,15810
28100,2007,2002,2280,3641,4402
28140,2007,37744,51413,86651,128576
28420,2007,4086,4344,7251,9550
28660,2007,4334,5666,9106,14703
28700,2007,4886,5474,9275,14170
28740,2007,3917,3062,3844,7301
28940,2007,12380,15026,33362,48275
29020,2007,1847,1453,3291,5228
29100,2007,2828,2186,5349,9803
29140,2007,3212,3972,6109,8810
29180,2007,6760,7607,17790,18807
29340,2007,3515,2635,7003,9930
29420,2007,3481,4457,4566,10017
29460,2007,8976,16201,15971,37290
29540,2007,9688,8764,20375,26513
29620,2007,7845,8858,16197,23159
29700,2007,3879,4985,7341,9754
29740,2007,3035,4255,4830,8370
29820,2007,28140,68951,104851,143426
29940,2007,2361,1710,3214,5078
30020,2007,1838,1863,3315,4361
30140,2007,2205,2235,3226,4399
30300,2007,1388,1060,1836,2488
30340,2007,2319,2355,3685,5592
30460,2007,9198,12085,20970,30202
30620,2007,2229,2173,3601,6865
30700,2007,6447,5763,15537,18179
30780,2007,13260,16014,33495,43683
30860,2007,2689,2330,4069,5729
30980,2007,4325,4928,8641,10725
31020,2007,1930,1506,3395,4227
31100,2007,250509,329652,584168,904615
31140,2007,22258,32393,50834,79634
31180,2007,5489,6607,10380,15974
31340,2007,5042,4853,8717,12906
31420,2007,4362,4173,6809,12084
31460,2007,1827,3236,2939,4551
31540,2007,11943,13822,30026,33575
31700,2007,8583,8312,17305,25682
31740,2007,2241,1940,4389,5242
31860,2007,2149,2588,4087,6004
31900,2007,2395,2102,5140,7408
32580,2007,7808,13086,19969,25041
32780,2007,5070,3826,7211,10280
32820,2007,18804,32837,73392,93084
32900,2007,2607,2944,6075,7892
33100,2007,120660,151499,218917,314067
33140,2007,2150,1376,3210,6849
33260,2007,3570,4524,10338,8181
33340,2007,29703,37635,70239,97781
33460,2007,65272,96396,181210,240737
33540,2007,3535,4082,4506,8369
33660,2007,7149,10052,18325,23252
33700,2007,7300,8078,14162,23224
33740,2007,3739,5202,6338,11342
33780,2007,2094,1494,3451,5507
33860,2007,6250,7059,15984,20583
34060,2007,2195,3402,4064,5272
34100,2007,1905,2336,4707,7298
34580,2007,2992,2734,3834,5447
34620,2007,2049,2608,3540,8467
34740,2007,2717,2289,3844,7628
34820,2007,6653,8325,12771,17428
34900,2007,3443,3844,6964,7604
34940,2007,8248,9602,11107,62503
34980,2007,27483,45354,77860,110886
35300,2007,16081,16040,30794,45641
35380,2007,21769,36665,71299,66658
35620,2007,413353,440237,783899,1156210
35660,2007,3183,2289,5217,7307
35840,2007,15958,17034,38665,53446
35980,2007,4654,4388,6601,14398
36100,2007,5810,8644,7806,14982
36140,2007,2764,1452,2482,4806
36220,2007,2710,3102,6386,7919
36260,2007,8817,10127,17062,21297
36420,2007,24320,30542,52437,73282
36500,2007,4750,4792,6750,9224
36540,2007,16264,22142,37290,54566
36740,2007,41298,74594,122797,208188
36780,2007,3037,2932,6060,8778
36980,2007,2162,1579,4433,6202
37100,2007,15274,18321,27641,51794
37340,2007,10545,12352,16545,27348
37380,2007,1476,1281,1438,3454
37460,2007,3643,3556,8308,9733
37620,2007,3127,2822,5794,8768
37700,2007,2142,2896,4447,5289
37860,2007,7274,9070,10164,25426
37900,2007,6979,5465,14475,19092
37980,2007,107318,144981,260373,366610
38060,2007,62978,125061,235438,297252
38220,2007,1497,1007,1647,4705
38300,2007,43550,50902,99630,137685
38340,2007,3363,2022,3810,7449
38540,2007,1846,2438,3220,4509
38860,2007,13404,12610,22063,35642
38900,2007,46997,51720,97727,130503
38940,2007,8085,8940,11294,19923
39100,2007,13081,11065,16613,28691
39140,2007,5067,5048,6734,11157
39300,2007,32692,33837,61019,84024
39340,2007,8077,12413,25373,21479
39380,2007,2665,3369,4165,6033
39460,2007,2998,4968,3084,6570
39540,2007,3438,3298,5963,8037
39580,2007,21225,33209,44861,64420
39660,2007,3386,2460,4066,7422
39740,2007,6820,5826,12489,16530
39820,2007,3876,3551,5547,8989
39900,2007,9798,13797,22636,33298
40060,2007,23602,26904,56046,82936
40140,2007,48813,80492,122278,198977
40220,2007,6626,7458,16282,23328
40340,2007,3554,5722,16986,8227
40380,2007,17366,20064,36495,57032
40420,2007,6178,6868,13488,17375
40580,2007,2543,2581,5960,11148
40660,2007,1694,4907,3154,4443
40900,2007,33948,46691,68415,120626
40980,2007,3666,3083,8125,13009
41060,2007,4472,4301,9523,9675
41100,2007,3520,3726,6801,9071
41140,2007,2493,2468,5140,6076
41180,2007,52070,65621,126581,174705
41420,2007,7496,8086,11202,17855
41500,2007,7072,8285,13223,18767
41540,2007,2509,1529,4221,6217
41620,2007,23980,34975,73159,81951
41660,2007,2205,2076,3270,4895
41700,2007,28348,57374,92766,112767
41740,2007,57016,76027,124035,198088
41780,2007,1634,1525,2480,3880
41860,2007,90094,111961,219528,293466
41940,2007,35534,46148,109380,121942
42020,2007,6546,7344,10063,16575
42060,2007,9259,9345,18382,25237
42100,2007,5790,3879,7985,13339
42140,2007,4166,3143,4835,7269
42220,2007,11322,8690,16881,25742
42340,2007,6662,10400,14562,21268
42540,2007,10321,9823,20597,30825
42660,2007,72569,90732,183883,206044
42680,2007,3325,6742,3371,7042
43100,2007,2294,2065,4339,6490
43300,2007,2208,2156,2847,6592
43340,2007,6903,6977,15310,20870
43580,2007,3030,4760,5635,11302
43620,2007,5615,5532,12141,13612
43780,2007,5614,6561,11384,18030
43900,2007,5127,7311,11587,18032
44060,2007,9724,9981,20868,23708
44100,2007,4442,4189,6920,10181
44140,2007,11767,10347,23216,33482
44180,2007,8824,9749,16862,26750
44220,2007,2072,1989,4864,7441
44300,2007,2646,1622,4697,7148
44600,2007,2050,1518,2934,5693
44700,2007,8944,10669,17372,28915
44940,2007,1627,2604,2188,4457
45060,2007,11574,11900,23751,33371
45220,2007,6936,7265,10728,18253
45300,2007,52403,78872,122997,194484
45460,2007,3020,2998,5498,9123
45500,2007,2412,2389,3712,5840
45780,2007,11489,14141,25308,42378
45820,2007,4659,5144,6403,14049
45940,2007,7891,11069,20101,28111
46060,2007,15472,19511,34725,52696
46140,2007,18392,21069,46291,58134
46220,2007,3634,3269,6867,10949
46340,2007,4383,4164,10701,11151
46540,2007,4675,3593,8646,14588
46660,2007,2487,2440,4100,7303
46700,2007,5528,8664,11380,17209
47020,2007,2338,2922,3477,4305
47220,2007,2621,2473,4938,7328
47260,2007,27474,37343,63286,101582
47300,2007,5390,7099,15472,22964
47380,2007,4015,6539,8532,12412
47580,2007,1828,1847,2740,7086
47900,2007,100843,142835,281229,395231
47940,2007,3315,2136,6244,8970
48140,2007,2901,3883,7396,10254
48300,2007,2667,2103,3597,5240
48540,2007,2830,2829,3889,6768
48620,2007,11203,15026,23373,31730
48660,2007,2970,3906,5703,9082
48700,2007,2315,1829,3691,5495
48900,2007,8112,11450,13795,20632
49020,2007,2590,2191,4549,7924
49180,2007,8386,10910,19946,26231
49340,2007,14041,12553,29552,41551
49420,2007,4065,3708,6601,10109
49620,2007,6730,8247,13497,19078
49660,2007,10356,9588,17946,26284
49700,2007,2256,2517,3384,5240
49740,2007,2740,3482,5525,8573
10180,2012,3123,2517,5605,6100
10420,2012,12019,10838,25113,31771
10500,2012,2553,2987,4487,5222
10580,2012,15296,10869,29525,34709
10740,2012,13804,15181,27190,42563
10780,2012,2740,1665,4389,5828
10900,2012,13591,13465,35122,29857
11020,2012,2585,1558,4277,5507
11100,2012,4782,4253,7865,9453
11180,2012,1658,1713,2903,3637
11260,2012,7601,8115,18269,23638
11300,2012,1801,1470,2734,3866
11340,2012,2873,2151,5689,5754
11460,2012,6210,5544,14852,30912
11500,2012,1835,1032,2464,4312
11540,2012,4610,3443,8569,10962
11700,2012,8614,7398,11931,17098
12020,2012,3442,2547,4379,8270
12060,2012,88677,129692,218370,280851
12100,2012,4902,3997,11408,12280
12220,2012,1941,2081,3093,3669
12260,2012,7562,8090,15171,21669
12420,2012,30902,42357,74939,81122
12540,2012,9337,20606,24144,29772
12580,2012,46957,51447,104027,125733
12620,2012,3157,1834,5387,6134
12700,2012,5859,3286,7046,8535
12940,2012,13453,14044,33902,37520
12980,2012,2073,1256,4735,5240
13020,2012,1795,1720,2965,3764
13140,2012,5973,7689,14976,17933
13380,2012,4962,3448,7498,8064
13460,2012,4535,2662,4970,6932
13740,2012,4704,3336,6970,7996
13780,2012,3919,2199,8012,7397
13820,2012,18543,17760,42824,55640
13900,2012,3017,2431,4990,6394
13980,2012,2476,1774,4984,4966
14020,2012,3020,4567,5984,7441
14060,2012,2994,2350,4967,6609
14260,2012,11971,12044,22767,25460
14460,2012,89500,86105,217356,236078
14500,2012,9195,6903,14221,15004
14540,2012,2274,3186,4046,4661
14740,2012,4254,3431,6058,8087
14860,2012,20278,23759,49099,47951
15180,2012,4673,4611,8725,11082
15260,2012,2249,1860,2941,3808
15380,2012,19679,13712,44019,45593
15500,2012,2525,2515,4003,5744
15540,2012,5270,3993,8632,10635
15940,2012,6768,5598,13572,15507
15980,2012,11695,11844,43180,33579
16020,2012,2195,1439,3588,4589
16180,2012,1742,1349,2364,3131
16220,2012,2511,2123,4940,4478
16300,2012,5042,4613,10744,11671
16580,2012,3823,2517,7031,7778
16620,2012,5283,6463,11132,15560
16700,2012,12033,13575,28404,32899
16740,2012,30927,41223,102381,95017
16820,2012,4531,2800,6460,8615
16860,2012,8179,9922,19595,22312
16940,2012,2390,1741,2851,3764
16980,2012,167038,183280,377628,479014
17020,2012,3697,2379,5509,6677
17140,2012,31464,39002,93256,107714
17300,2012,3362,2974,8217,9068
17420,2012,1675,2450,3892,4021
17460,2012,36719,38075,91696,106584
17660,2012,3398,2124,4870,6465
17780,2012,3553,3497,5196,7166
17820,2012,11886,10103,21119,28359
17860,2012,3584,2571,6636,5438
17900,2012,12233,11479,25021,35688
17980,2012,1115,1246,1509,1937
18020,2012,1461,2596,6316,3450
18140,2012,26871,38013,107490,85818
18580,2012,7070,7818,17416,18200
18700,2012,1731,1142,1835,3011
18880,2012,3782,3743,7185,9338
19060,2012,1715,958,2821,3449
19100,2012,97942,177786,297393,341878
19140,2012,2108,1348,3205,9338
19180,2012,1250,688,2429,2211
19260,2012,1801,921,2868,3035
19340,2012,6952,5486,15158,17706
19380,2012,12256,14660,28359,37094
19460,2012,2488,2020,4056,6973
19500,2012,1952,1602,4232,4801
19660,2012,9036,7981,11058,15254
19740,2012,52072,59418,112491,134672
19780,2012,10704,12103,27568,29181
19820,2012,69063,72090,178856,198282
20020,2012,2816,2479,4235,6102
20100,2012,2470,1865,3591,5284
20220,2012,2234,1900,4459,4292
20260,2012,5332,3335,9964,10655
20500,2012,8736,7556,18769,21998
20740,2012,3354,3413,6554,8466
20940,2012,1924,2526,3179,5165
21060,2012,1926,1011,4536,4281
21140,2012,3824,4837,12034,9064
21300,2012,1414,1655,2142,4115
21340,2012,9904,11328,22245,29703
21500,2012,4761,3942,9401,12567
21660,2012,7453,4717,11250,13467
21780,2012,6442,6887,13113,18006
21820,2012,1830,911,2501,3829
22020,2012,5021,4729,11648,11073
22140,2012,2280,1692,3365,4054
22180,2012,4557,5258,8962,12648
22220,2012,7396,7293,14113,22871
22380,2012,2702,1714,3985,5801
22420,2012,5755,5829,16499,13565
22500,2012,3301,2059,5940,8628
22520,2012,2584,1542,4211,6289
22540,2012,1992,1110,5320,4155
22660,2012,7312,6082,10292,13793
22900,2012,4773,3102,8439,11164
23060,2012,7725,6697,16727,23136
23420,2012,12267,13354,27104,27886
23460,2012,1627,1736,2479,2505
23540,2012,4670,3183,7187,9292
23580,2012,3063,2572,5068,6860
24020,2012,2501,1790,3079,4563
24140,2012,1786,1114,2682,4234
24220,2012,2201,2103,3649,3860
24300,2012,3662,2881,7409,7301
24340,2012,13325,20972,42194,39957
24500,2012,1956,1066,2851,3704
24540,2012,4147,3168,7187,7635
24580,2012,5961,4011,12203,13593
24660,2012,13029,12821,28367,35727
24780,2012,3009,1803,6536,6329
24860,2012,11359,11857,25033,28929
25060,2012,3856,3570,7973,12091
25180,2012,3926,3062,8264,7339
25260,2012,1357,1210,2495,3026
25420,2012,9790,12092,25303,30461
25500,2012,2464,1483,4571,4460
25540,2012,21289,19509,60420,56630
25620,2012,2590,1809,3497,6033
25860,2012,5702,4350,10148,15003
25980,2012,741,797,955,1822
26100,2012,4586,3934,10414,8558
26180,2012,15688,12946,31139,34328
26300,2012,2150,1344,3079,3318
26380,2012,3818,3027,8708,10526
26420,2012,88701,148843,274418,280194
26580,2012,4189,2542,7518,9687
26620,2012,7031,8153,16401,20972
26820,2012,2961,2318,4389,6428
26900,2012,29043,46924,84978,93929
26980,2012,3070,2237,4489,7484
27060,2012,1987,1436,2878,2859
27100,2012,2348,926,5258,4364
27140,2012,9481,8365,20019,22568
27180,2012,2260,3149,4395,6325
27260,2012,23615,27598,56664,70227
27340,2012,2133,1884,4297,4217
27500,2012,2611,2545,5288,4777
27620,2012,2872,1570,3812,5162
27740,2012,2914,2674,5833,6343
27780,2012,2573,1514,3287,5594
27860,2012,2246,1954,3863,4754
27900,2012,3160,2453,6694,7377
28020,2012,5257,3700,10518,16080
28100,2012,1879,1360,3659,3780
28140,2012,35485,42282,80258,99335
28420,2012,4253,4296,6990,10597
28660,2012,4411,4567,9791,13527
28700,2012,4520,4255,8608,11566
28740,2012,3746,1787,3905,5293
28940,2012,11441,10329,32797,34339
29020,2012,1697,900,2685,3422
29100,2012,2699,2033,5350,6595
29140,2012,3116,2611,7909,6593
29180,2012,7003,7215,15111,18071
29340,2012,3372,1961,6550,8056
29420,2012,2748,2053,3403,6050
29460,2012,8159,7975,14546,19532
29540,2012,9628,8145,16432,23396
29620,2012,7238,6505,13005,18093
29700,2012,3976,4018,8129,8454
29740,2012,2913,2416,4983,7465
29820,2012,27110,40579,72459,94277
29940,2012,2241,1790,2717,4078
30020,2012,1784,1281,3175,3803
30140,2012,2182,1735,3388,3850
30300,2012,1296,754,1578,1950
30340,2012,2125,1807,3746,4041
30460,2012,8868,8240,22415,21055
30620,2012,2039,2084,3652,5173
30700,2012,6478,8665,13742,15485
30780,2012,13039,10912,23998,40699
30860,2012,2619,1559,4746,4275
30980,2012,4355,4293,9330,9996
31020,2012,1776,2168,2164,3664
31100,2012,243398,265754,529421,667553
31140,2012,20837,27240,51844,62314
31180,2012,5541,5342,9643,13601
31340,2012,4600,3174,7916,10212
31420,2012,4001,2568,6797,9218
31460,2012,1623,1727,2654,3399
31540,2012,11536,8811,26136,28513
31700,2012,8251,6828,16072,29431
31740,2012,2168,1690,3298,4374
31860,2012,2138,1484,3987,4300
31900,2012,2151,1878,3414,4123
32580,2012,8568,10042,17306,21496
32780,2012,4524,2723,6064,8072
32820,2012,17437,19501,51356,57546
32900,2012,2365,2540,4102,5213
33100,2012,121554,128972,250338,266957
33140,2012,1939,929,3256,3270
33260,2012,3906,5016,12263,7525
33340,2012,27162,25772,62285,75426
33460,2012,61934,59715,181401,175954
33540,2012,3357,3778,4156,5292
33660,2012,6469,5314,14704,19607
33700,2012,6502,4818,13247,14779
33740,2012,3674,3085,5505,9809
33780,2012,1851,1186,3125,4300
33860,2012,5716,4453,10263,14735
34060,2012,2202,2189,5859,4737
34100,2012,1702,1642,3524,4733
34580,2012,2661,1304,3535,4189
34620,2012,1866,1528,4342,4812
34740,2012,2448,1965,5881,5493
34820,2012,5857,5478,8329,11313
34900,2012,3295,2983,5706,5999
34940,2012,7867,7066,9056,11720
34980,2012,26390,34743,64617,78092
35300,2012,14927,9765,29304,35207
35380,2012,21911,23353,47536,57603
35620,2012,412508,362669,746921,887690
35660,2012,2923,2425,5008,5533
35840,2012,15198,16348,34328,46210
35980,2012,4401,2656,6314,12269
36100,2012,5267,4250,5335,8228
36140,2012,2470,1527,2452,3648
36220,2012,2804,3390,9788,7612
36260,2012,8531,10398,17259,16340
36420,2012,24935,26046,49768,57239
36500,2012,4566,3072,8598,7794
36540,2012,16108,15804,36184,43273
36740,2012,39147,60542,82930,122401
36780,2012,2828,1649,6002,8341
36980,2012,2044,2012,3703,4931
37100,2012,14656,12217,29286,31986
37340,2012,9595,9639,12692,26367
37380,2012,1412,1225,1098,1978
37460,2012,3356,3564,5336,8336
37620,2012,2904,2106,4990,7376
37700,2012,1988,1658,2908,7646
37860,2012,6567,7243,14937,14336
37900,2012,6612,6882,16022,17489
37980,2012,103067,107954,228086,292790
38060,2012,57807,93941,166468,217053
38220,2012,1350,677,2029,3191
38300,2012,41695,44719,107416,119798
38340,2012,3097,1859,4172,6117
38540,2012,1718,3031,2448,4999
38860,2012,12516,9680,20239,24731
38900,2012,45850,45814,92031,107198
38940,2012,7627,6348,9642,13339
39100,2012,12705,7627,17959,23801
39140,2012,4230,3554,4927,7247
39300,2012,29972,23593,51146,68190
39340,2012,8286,10252,19841,21954
39380,2012,2458,1882,3582,4919
39460,2012,2827,3701,3679,4238
39540,2012,3173,2668,5292,6228
39580,2012,21253,23348,49098,49873
39660,2012,3423,2329,4678,4670
39740,2012,6447,4203,11407,13733
39820,2012,3354,2170,4173,5524
39900,2012,8945,14338,16068,21168
40060,2012,22345,22826,55774,62111
40140,2012,46065,52557,100715,130671
40220,2012,6223,4519,12491,13604
40340,2012,3492,2350,6472,6058
40380,2012,17487,13766,37010,42566
40420,2012,5709,5777,12276,15595
40580,2012,2255,3161,3685,5789
40660,2012,1554,1163,2634,3727
40900,2012,31980,31433,59291,86899
40980,2012,3403,2704,7107,8658
41060,2012,4278,3070,8571,9299
41100,2012,3108,2586,4178,5453
41140,2012,2287,1944,4236,5493
41180,2012,49170,54143,107784,141995
41420,2012,6944,4204,11002,15198
41500,2012,6533,6620,12442,14369
41540,2012,2267,2144,3072,4828
41620,2012,23142,29725,56434,70823
41660,2012,2219,1588,3695,4498
41700,2012,28595,43999,77817,101822
41740,2012,55522,61757,116319,150994
41780,2012,1529,754,3235,2909
41860,2012,88471,91033,201140,219276
41940,2012,35174,44353,95191,107815
42020,2012,6156,4345,8287,10610
42060,2012,8908,7196,14438,17264
42100,2012,5507,3558,6824,8992
42140,2012,3787,2411,3237,6927
42220,2012,10516,6789,13204,20924
42340,2012,6320,7712,12060,18370
42540,2012,9820,10082,21569,24306
42660,2012,69250,67338,139165,181939
42680,2012,3167,2687,3620,5362
43100,2012,2188,1740,3873,5640
43300,2012,2056,1650,3459,4548
43340,2012,6988,5496,13323,18799
43580,2012,2990,2323,4820,6212
43620,2012,5628,6169,9685,12136
43780,2012,5125,3583,9422,12952
43900,2012,4679,3558,10935,11179
44060,2012,9018,7527,14467,20026
44100,2012,4205,3385,8272,10604
44140,2012,11130,6086,18954,23105
44180,2012,8209,8645,15339,19108
44220,2012,1906,754,4847,4192
44300,2012,2580,1543,5625,6255
44600,2012,1827,1031,2815,2901
44700,2012,8194,8022,15946,20266
44940,2012,1451,700,2376,2727
45060,2012,11446,8362,24706,26330
45220,2012,6601,5954,9612,13179
45300,2012,50284,92693,120986,176270
45460,2012,2900,4331,5409,5724
45500,2012,2316,1650,4079,5008
45780,2012,10560,8808,24974,30864
45820,2012,4270,3272,7207,8957
45940,2012,7500,5272,24826,18794
46060,2012,14098,14476,29270,36762
46140,2012,17872,18507,35917,44770
46220,2012,3461,2621,6399,8045
46340,2012,4463,3319,7418,11056
46540,2012,4619,2716,7373,9396
46660,2012,2380,2286,5272,6000
46700,2012,5096,4313,9832,12053
47020,2012,2319,2215,4145,5435
47220,2012,2389,1927,3916,5832
47260,2012,25344,29500,58711,75944
47300,2012,5068,14684,10840,15485
47380,2012,3954,3551,7453,12866
47580,2012,1800,1496,2989,4685
47900,2012,99399,120993,267506,333568
47940,2012,3219,2638,7190,7038
48140,2012,2727,3827,4426,6048
48300,2012,2488,1181,2667,4043
48540,2012,2620,1362,6165,5105
48620,2012,10678,13176,21808,33075
48660,2012,2891,1999,4189,5287
48700,2012,2337,2323,4307,5533
48900,2012,7436,5578,9706,16308
49020,2012,2474,2203,3920,3891
49180,2012,7731,6091,14580,19823
49340,2012,13196,9657,25325,26687
49420,2012,3813,2686,6328,7700
49620,2012,6478,8330,13379,15809
49660,2012,9445,6999,19303,20662
49700,2012,2077,1892,2936,4708
49740,2012,2550,2701,4375,6191