city,state,year,firms,job_births,job_continuers,job_destruction,lat,lon
Akron,OH,1977,9599,14000,22973,30136,41.0814447,-81.5190053
Albany,GA,1977,2282,3204,2814,4664,31.5785074,-84.155741
Alexandria,LA,1977,2100,1996,3050,4453,31.3112936,-92.4451371
Altoona,PA,1977,2173,2553,3026,4183,40.5186809,-78.3947359
Amarillo,TX,1977,3918,5946,6984,9893,35.2219971,-101.8312969
Ames,IA,1977,1240,1563,1961,1847,42.02335,-93.625622
Anchorage,AK,1977,3467,8664,9833,21690,61.2180556,-149.9002778
Anderson,SC,1977,1899,2595,3580,4252,34.5034394,-82.6501332
Appleton,WI,1977,2649,4228,4969,5446,44.2619309,-88.4153847
Atlanta,GA,1977,34567,86669,92415,129674,33.7489954,-84.3879824
Augusta,GA,1977,4983,6455,8218,9899,33.47,-81.975
Austin,TX,1977,9549,24234,21279,23548,30.267153,-97.7430608
Bakersfield,CA,1977,6014,9490,11877,13963,35.3732921,-119.0187125
Baltimore,MD,1977,30081,44194,67686,87924,39.2903848,-76.6121893
Bangor,ME,1977,2265,1956,3302,7600,44.8011821,-68.7778138
Baton Rouge,LA,1977,8128,13962,21457,21586,30.4507462,-91.154551
Battle Creek,MI,1977,2150,2932,3613,5383,42.3211522,-85.1797142
Bay City,MI,1977,1730,1771,3807,3575,43.5944677,-83.8888647
Bend,OR,1977,1340,1736,1913,2058,44.0581728,-121.3153096
Billings,MT,1977,2787,3961,4625,6066,45.7832856,-108.5006904
Binghamton,NY,1977,3772,4808,6582,9015,42.0986867,-75.9179738
Birmingham,AL,1977,13506,26053,32677,41804,33.5206608,-86.80249
Bloomington,IL,1977,1957,3194,4297,4287,40.4842027,-88.9936873
Bowling Green,KY,1977,1398,1960,1905,3709,36.9903199,-86.4436018
Buffalo,NY,1977,18485,29170,73748,51401,42.8864468,-78.8783689
Canton,OH,1977,6091,7404,11024,15457,40.7989473,-81.378447
Champaign,IL,1977,3373,5063,4927,8317,39.8403147,-88.9548001
Charleston,SC,1977,5637,8210,8703,15589,32.7765656,-79.9309216
Charlotte,NC,1977,14373,26973,35756,42386,35.2270869,-80.8431267
Charlottesville,VA,1977,2126,2564,2857,20586,38.0293059,-78.4766781
Chattanooga,TN,1977,6353,10068,13262,21064,35.0456297,-85.3096801
Chicago,IL,1977,119847,224654,354815,389009,41.850033,-87.6500523
Cincinnati,OH,1977,25116,43004,59281,69130,39.1361111,-84.5030556
Columbia,SC,1977,7395,11813,13503,19319,34.0007104,-81.0348144
Columbus,GA,1977,828,1069,1128,2285,32.4609764,-84.9877094
Columbus,OH,1977,18196,38782,59697,57685,39.9611755,-82.9987942
Corpus Christi,TX,1977,5721,8509,8586,14126,27.8005828,-97.396381
Dayton,OH,1977,11686,17393,24721,33788,39.7589478,-84.1916069
Decatur,AL,1977,1705,2220,2452,4611,34.6059253,-86.9833417
Denver,CO,1977,25923,48687,60735,81941,39.7391536,-104.9847034
Detroit,MI,1977,57768,102182,187535,181624,42.331427,-83.0457538
Dothan,AL,1977,2078,2147,3529,5186,31.2232313,-85.3904888
Durham,NC,1977,4173,6039,7465,11434,35.9940329,-78.898619
Eau Claire,WI,1977,2178,2535,3231,4498,44.811349,-91.4984941
El Centro,CA,1977,1483,2191,1516,3227,32.792,-115.5630514
Elkhart,IN,1977,2850,5224,9733,7178,41.6819935,-85.9766671
Elmira,NY,1977,1533,2441,4005,5254,42.0897965,-76.8077338
El Paso,TX,1977,6064,10225,11223,23293,31.7587198,-106.4869314
Erie,PA,1977,4333,6722,8317,11665,42.1292241,-80.085059
Eugene,OR,1977,5080,7408,8738,9787,44.0520691,-123.0867536
Evansville,IN,1977,5635,9257,10193,12182,37.9747644,-87.5558482
Fairbanks,AK,1977,938,2599,3592,11040,64.8377778,-147.7163889
Fayetteville,NC,1977,3024,6114,4370,10350,35.0526641,-78.8783585
Florence,AL,1977,2058,2189,2881,4342,34.79981,-87.677251
Gainesville,FL,1977,2360,3758,2779,5508,29.6516344,-82.3248262
Great Falls,MT,1977,1721,2943,9102,3071,47.5002354,-111.3008083
Gulfport,MS,1977,2813,5419,4947,6990,30.3674198,-89.0928155
Hagerstown,MD,1977,2638,3972,4723,5824,39.6417629,-77.7199932
Harrisonburg,VA,1977,1267,1150,1852,2510,38.4495688,-78.8689155
Hartford,CT,1977,18015,22681,48220,55632,41.7637111,-72.6850932
Honolulu,HI,1977,11678,22287,23324,33226,21.3069444,-157.8583333
Houston,TX,1977,45330,114748,136325,171771,29.7628844,-95.3830615
Huntington,WV,1977,4478,5935,7468,9464,38.4192496,-82.445154
Indianapolis,IN,1977,18203,29290,44516,70682,39.7683765,-86.1580423
Iowa City,IA,1977,1812,2178,2409,3350,41.677204,-91.5162792
Jackson,MS,1977,6910,9583,15919,16806,32.2987573,-90.1848103
Jackson,TN,1977,1587,2402,2771,3505,35.6145169,-88.8139469
Jacksonville,FL,1977,11836,19023,29332,37549,30.3321838,-81.655651
Jefferson City,MO,1977,1974,3273,2193,3319,38.5767017,-92.1735164
Jonesboro,AR,1977,1684,2226,2540,3018,35.8422967,-90.704279
Kansas City,MO,1977,24726,46292,58420,73545,39.0997265,-94.5785667
Kennewick,WA,1977,2152,4014,4019,4854,46.2112458,-119.1372338
Knoxville,TN,1977,8015,10688,13190,20219,35.9606384,-83.9207392
Lafayette,IN,1977,2282,2342,3051,4692,40.4167022,-86.8752869
Lafayette,LA,1977,3442,6129,7099,10678,30.2240897,-92.0198427
Lake Charles,LA,1977,2748,4496,5059,5644,30.2265949,-93.2173758
Lansing,MI,1977,5365,7691,12719,13216,42.732535,-84.5555347
Laredo,TX,1977,1492,2288,1669,3631,27.506407,-99.5075421
Las Vegas,NV,1977,6418,12756,17074,19494,36.114646,-115.172816
Lawton,OK,1977,1508,1595,2123,2778,34.6086854,-98.3903305
Lexington,KY,1977,5516,7721,11164,16747,38.0317136,-84.4951359
Lima,OH,1977,2046,4030,2729,4792,40.742551,-84.1052256
Longview,TX,1977,3325,3561,5613,6257,32.5007037,-94.7404891
Los Angeles,CA,1977,152919,367678,454824,515142,34.0522342,-118.2436849
Lubbock,TX,1977,4527,6654,6825,11966,33.5778631,-101.8551665
Lynchburg,VA,1977,3005,2365,14606,6423,37.4137536,-79.1422464
Macon,GA,1977,3379,4934,6266,8353,32.8406946,-83.6324022
Madison,WI,1977,7091,8919,11210,14275,43.0730517,-89.4012302
Manchester,NH,1977,4982,6649,10664,12608,42.9956397,-71.4547891
Mankato,MN,1977,1563,1972,2159,3555,44.1635775,-93.9993996
McAllen,TX,1977,3509,5312,5724,8416,26.2034071,-98.2300124
Memphis,TN,1977,14495,41764,41299,46991,35.1495343,-90.0489801
Midland,TX,1977,2145,3934,3976,6162,31.9973456,-102.0779146
Milwaukee,WI,1977,22731,33052,54338,66631,43.0389025,-87.9064736
Missoula,MT,1977,1764,2379,2270,2751,46.872146,-113.9939982
Modesto,CA,1977,4147,7191,6890,8843,37.6390972,-120.9968782
Montgomery,AL,1977,4369,7251,7363,11577,32.3668052,-86.2999689
Myrtle Beach,SC,1977,2192,2455,4064,3730,33.6890603,-78.8866943
Naples,FL,1977,1956,3331,2058,3543,26.1420358,-81.7948103
Nashville,TN,1977,14435,25558,33670,42820,36.1658899,-86.7844432
New Haven,CT,1977,13531,19706,33505,27019,41.3081527,-72.9281577
New Orleans,LA,1977,18866,35879,45141,62217,29.9647222,-90.0705556
New York,NY,1977,315279,418573,604409,865740,40.7142691,-74.0059729
Oklahoma City,OK,1977,15596,26889,28111,39625,35.4675602,-97.5164276
Omaha,NE,1977,11144,18833,27772,33912,41.254006,-95.999258
Panama City,FL,1977,1839,3275,1958,5040,30.1588129,-85.6602058
Parkersburg,WV,1977,2757,2632,3956,5416,39.2667418,-81.5615135
Pensacola,FL,1977,4144,5889,6227,9583,30.421309,-87.2169149
Philadelphia,PA,1977,79140,139303,208307,261837,39.952335,-75.163789
Phoenix,AZ,1977,22443,47554,52999,80392,33.4483771,-112.0740373
Pine Bluff,AR,1977,1652,2051,2025,3089,34.2284312,-92.0031955
Pittsburgh,PA,1977,37861,59848,77377,105509,40.4406248,-79.9958864
Pocatello,ID,1977,1385,1823,10538,2924,42.8713032,-112.4455344
Portland,OR,1977,23344,40690,47038,61528,45.5234515,-122.6762071
Pueblo,CO,1977,2092,3679,2418,5338,38.2544472,-104.6091409
Rapid City,SD,1977,1857,2547,2600,3612,44.0805434,-103.2310149
Redding,CA,1977,2286,3276,2796,4583,40.5865396,-122.3916754
Reno,NV,1977,4251,8536,9412,9559,39.5296329,-119.8138027
Rochester,NY,1977,13246,16358,34685,36216,43.1547845,-77.6155567
Rockford,IL,1977,4784,6512,11476,11948,42.2711311,-89.0939952
St. Joseph,MO,1977,2097,2326,2932,5197,39.7577778,-94.8363889
St. Louis,MO,1977,38537,58960,114574,119342,38.646991,-90.224967
Salinas,CA,1977,4814,6789,10167,9878,36.6777372,-121.6555013
Salisbury,MD,1977,1718,1952,3011,3546,38.3606736,-75.5993692
Salt Lake City,UT,1977,11302,22060,27998,36092,40.7607793,-111.8910474
San Angelo,TX,1977,1731,2232,2360,3515,31.4637723,-100.4370375
San Antonio,TX,1977,15884,30866,31092,44006,29.4241219,-98.4936282
San Diego,CA,1977,25651,51622,54512,68422,32.7153292,-117.1572551
San Jose,CA,1977,20187,45139,58719,57875,37.3393857,-121.8949555
San Luis Obispo,CA,1977,2833,3801,3891,4622,35.2827524,-120.6596156
Santa Fe,NM,1977,1637,2508,2231,2806,35.6869752,-105.937799
Savannah,GA,1977,3935,5198,7828,16917,32.0835407,-81.0998342
Scranton,PA,1977,9332,11162,25568,25762,41.408969,-75.6624122
Shreveport,LA,1977,5880,9147,11904,16837,32.5251516,-93.7501789
Sioux City,IA,1977,2893,3742,17343,9060,42.4999942,-96.4003069
Sioux Falls,SD,1977,3063,3747,28986,6020,43.5499749,-96.700327
Spokane,WA,1977,5996,7447,10662,12365,47.6587802,-117.4260466
Springfield,IL,1977,3588,5743,8004,9842,39.8403147,-88.9548001
Springfield,MO,1977,4632,6073,8862,9727,37.215326,-93.2982436
Syracuse,NY,1977,9707,11886,26607,28463,43.0481221,-76.1474244
Terre Haute,IN,1977,2728,4172,7461,6126,39.4667034,-87.4139092
Toledo,OH,1977,10180,14358,48915,26555,41.6639383,-83.555212
Topeka,KS,1977,3673,4732,5555,7983,39.0483336,-95.6780371
Tucson,AZ,1977,7323,12860,12436,21104,32.2217429,-110.926479
Tulsa,OK,1977,12877,23376,28262,33828,36.1539816,-95.992775
Utica,NY,1977,4551,5261,6865,10714,43.100903,-75.232664
Victoria,TX,1977,1713,1789,2671,2912,28.8052674,-97.0035982
Visalia,CA,1977,3579,5062,4314,7382,36.3302284,-119.2920585
Wilmington,NC,1977,2707,3576,3924,6078,34.2257255,-77.9447102
York,PA,1977,4887,6320,9035,12336,39.9625984,-76.727745
Youngstown,OH,1977,9453,17013,42667,27055,41.0997803,-80.6495194
Akron,OH,1982,9794,13732,26453,35825,41.0814447,-81.5190053
Albany,GA,1982,2325,2362,3947,5981,31.5785074,-84.155741
Alexandria,LA,1982,2181,2948,3181,6008,31.3112936,-92.4451371
Altoona,PA,1982,2124,2244,2554,4903,40.5186809,-78.3947359
Amarillo,TX,1982,4041,5513,7507,11066,35.2219971,-101.8312969
Ames,IA,1982,1269,1177,1463,3308,42.02335,-93.625622
Anchorage,AK,1982,4281,10207,16086,13714,61.2180556,-149.9002778
Anderson,SC,1982,1953,1634,2030,5736,34.5034394,-82.6501332
Appleton,WI,1982,2865,3451,3875,6238,44.2619309,-88.4153847
Atlanta,GA,1982,39733,103447,96532,160254,33.7489954,-84.3879824
Augusta,GA,1982,5171,8019,11051,14863,33.47,-81.975
Austin,TX,1982,11962,26240,26043,31036,30.267153,-97.7430608
Bakersfield,CA,1982,7011,14148,13585,18714,35.3732921,-119.0187125
Baltimore,MD,1982,31456,57679,67023,108367,39.2903848,-76.6121893
Bangor,ME,1982,2255,3127,4015,5836,44.8011821,-68.7778138
Baton Rouge,LA,1982,9383,15438,20439,32428,30.4507462,-91.154551
Battle Creek,MI,1982,2021,2446,2937,6106,42.3211522,-85.1797142
Bay City,MI,1982,1646,1766,1964,4568,43.5944677,-83.8888647
Bend,OR,1982,1598,1999,1820,4873,44.0581728,-121.3153096
Billings,MT,1982,3057,3728,4380,6914,45.7832856,-108.5006904
Binghamton,NY,1982,3687,5832,6499,9780,42.0986867,-75.9179738
Birmingham,AL,1982,13431,19183,29664,49500,33.5206608,-86.80249
Bloomington,IL,1982,2001,2469,3456,6040,40.4842027,-88.9936873
Bowling Green,KY,1982,1453,3610,1736,3758,36.9903199,-86.4436018
Buffalo,NY,1982,18171,27751,30480,64921,42.8864468,-78.8783689
Canton,OH,1982,6234,6479,10105,20178,40.7989473,-81.378447
Champaign,IL,1982,3258,3969,4708,9619,39.8403147,-88.9548001
Charleston,SC,1982,6240,11093,10431,19270,32.7765656,-79.9309216
Charlotte,NC,1982,15860,23525,32533,54276,35.2270869,-80.8431267
Charlottesville,VA,1982,2381,3374,3644,5396,38.0293059,-78.4766781
Chattanooga,TN,1982,6478,10529,9729,22308,35.0456297,-85.3096801
Chicago,IL,1982,122215,221807,246771,528802,41.850033,-87.6500523
Cincinnati,OH,1982,25033,36765,49331,94580,39.1361111,-84.5030556
Columbia,SC,1982,7794,11784,12206,21292,34.0007104,-81.0348144
Columbus,GA,1982,769,621,850,1647,32.4609764,-84.9877094
Columbus,OH,1982,18630,33002,36291,70718,39.9611755,-82.9987942
Corpus Christi,TX,1982,6687,15995,11969,18496,27.8005828,-97.396381
Dayton,OH,1982,11740,18377,21061,45798,39.7589478,-84.1916069
Decatur,AL,1982,1727,1890,2615,4466,34.6059253,-86.9833417
Denver,CO,1982,30585,97547,78509,113129,39.7391536,-104.9847034
Detroit,MI,1982,57882,81297,112036,261655,42.331427,-83.0457538
Dothan,AL,1982,2115,2690,3244,5501,31.2232313,-85.3904888
Durham,NC,1982,4532,5849,11269,12590,35.9940329,-78.898619
Eau Claire,WI,1982,2364,2541,2675,4934,44.811349,-91.4984941
El Centro,CA,1982,1509,1509,2457,3556,32.792,-115.5630514
Elkhart,IN,1982,2868,5191,5287,8595,41.6819935,-85.9766671
Elmira,NY,1982,1489,1637,2933,3463,42.0897965,-76.8077338
El Paso,TX,1982,6691,14836,14479,23058,31.7587198,-106.4869314
Erie,PA,1982,4214,5723,7457,24349,42.1292241,-80.085059
Eugene,OR,1982,5430,6668,5211,18357,44.0520691,-123.0867536
Evansville,IN,1982,5744,7918,12349,16104,37.9747644,-87.5558482
Fairbanks,AK,1982,1049,1969,2609,2467,64.8377778,-147.7163889
Fayetteville,NC,1982,3062,4161,3902,7333,35.0526641,-78.8783585
Florence,AL,1982,2085,2016,2717,6118,34.79981,-87.677251
Gainesville,FL,1982,2801,4392,5362,6716,29.6516344,-82.3248262
Great Falls,MT,1982,1722,1842,2097,3814,47.5002354,-111.3008083
Gulfport,MS,1982,3037,4341,4029,7855,30.3674198,-89.0928155
Hagerstown,MD,1982,2650,2403,2641,6027,39.6417629,-77.7199932
Harrisonburg,VA,1982,1332,1415,2441,3791,38.4495688,-78.8689155
Hartford,CT,1982,19238,26191,38242,66538,41.7637111,-72.6850932
Honolulu,HI,1982,13417,21730,21612,44209,21.3069444,-157.8583333
Houston,TX,1982,57171,174235,212752,261777,29.7628844,-95.3830615
Huntington,WV,1982,4295,6830,5427,13325,38.4192496,-82.445154
Indianapolis,IN,1982,18938,29326,36638,68945,39.7683765,-86.1580423
Iowa City,IA,1982,1881,2372,2332,4070,41.677204,-91.5162792
Jackson,MS,1982,7265,8539,9111,21160,32.2987573,-90.1848103
Jackson,TN,1982,1659,1959,1880,4859,35.6145169,-88.8139469
Jacksonville,FL,1982,12870,22537,25783,41634,30.3321838,-81.655651
Jefferson City,MO,1982,2042,2430,3001,4036,38.5767017,-92.1735164
Jonesboro,AR,1982,1588,2067,2401,4237,35.8422967,-90.704279
Kansas City,MO,1982,25326,44652,50429,100590,39.0997265,-94.5785667
Kennewick,WA,1982,2386,3994,4236,9868,46.2112458,-119.1372338
Knoxville,TN,1982,8632,14549,15293,24442,35.9606384,-83.9207392
Lafayette,IN,1982,2323,2633,3792,6370,40.4167022,-86.8752869
Lafayette,LA,1982,5044,11549,16367,16974,30.2240897,-92.0198427
Lake Charles,LA,1982,3084,4844,7718,11219,30.2265949,-93.2173758
Lansing,MI,1982,5659,8905,8929,17103,42.732535,-84.5555347
Laredo,TX,1982,1829,2905,3064,4732,27.506407,-99.5075421
Las Vegas,NV,1982,8184,21750,23618,39957,36.114646,-115.172816
Lawton,OK,1982,1578,2598,1976,2652,34.6086854,-98.3903305
Lexington,KY,1982,6018,7850,10576,19596,38.0317136,-84.4951359
Lima,OH,1982,2017,2332,1697,7525,40.742551,-84.1052256
Longview,TX,1982,3829,7209,7699,10488,32.5007037,-94.7404891
Los Angeles,CA,1982,172425,356756,464164,755162,34.0522342,-118.2436849
Lubbock,TX,1982,4633,7163,8987,12190,33.5778631,-101.8551665
Lynchburg,VA,1982,3023,3122,4176,15115,37.4137536,-79.1422464
Macon,GA,1982,3265,3946,5644,9642,32.8406946,-83.6324022
Madison,WI,1982,7571,10847,10550,20455,43.0730517,-89.4012302
Manchester,NH,1982,5557,7961,10056,16240,42.9956397,-71.4547891
Mankato,MN,1982,1622,2207,2024,3730,44.1635775,-93.9993996
McAllen,TX,1982,4119,8743,9268,10289,26.2034071,-98.2300124
Memphis,TN,1982,14624,27136,26456,57120,35.1495343,-90.0489801
Midland,TX,1982,3087,7671,11948,9335,31.9973456,-102.0779146
Milwaukee,WI,1982,23579,37231,45372,87310,43.0389025,-87.9064736
Missoula,MT,1982,1829,3293,1344,4421,46.872146,-113.9939982
Modesto,CA,1982,4700,8879,6548,12868,37.6390972,-120.9968782
Montgomery,AL,1982,4439,6674,12541,15172,32.3668052,-86.2999689
Myrtle Beach,SC,1982,2564,3845,4720,5056,33.6890603,-78.8866943
Naples,FL,1982,2782,4000,3740,6213,26.1420358,-81.7948103
Nashville,TN,1982,15170,26706,30505,57186,36.1658899,-86.7844432
New Haven,CT,1982,14229,18414,18474,39481,41.3081527,-72.9281577
New Orleans,LA,1982,20677,40252,58903,86295,29.9647222,-90.0705556
New York,NY,1982,319770,443764,628261,924388,40.7142691,-74.0059729
Oklahoma City,OK,1982,18466,34880,50392,58005,35.4675602,-97.5164276
Omaha,NE,1982,11259,16183,19438,39254,41.254006,-95.999258
Panama City,FL,1982,2044,2090,3300,4513,30.1588129,-85.6602058
Parkersburg,WV,1982,2776,3871,3982,6960,39.2667418,-81.5615135
Pensacola,FL,1982,4412,6406,8998,10321,30.421309,-87.2169149
Philadelphia,PA,1982,80036,123622,175961,286337,39.952335,-75.163789
Phoenix,AZ,1982,27994,62352,60633,112526,33.4483771,-112.0740373
Pine Bluff,AR,1982,1537,1410,2122,3537,34.2284312,-92.0031955
Pittsburgh,PA,1982,37196,60750,97826,163954,40.4406248,-79.9958864
Pocatello,ID,1982,1310,1747,1433,3610,42.8713032,-112.4455344
Portland,OR,1982,25443,39280,35393,95808,45.5234515,-122.6762071
Pueblo,CO,1982,2080,2055,2937,10808,38.2544472,-104.6091409
Rapid City,SD,1982,1986,1968,2181,3834,44.0805434,-103.2310149
Redding,CA,1982,2651,2315,2435,15984,40.5865396,-122.3916754
Reno,NV,1982,5143,10614,9600,21112,39.5296329,-119.8138027
Rochester,NY,1982,13462,20032,28698,43215,43.1547845,-77.6155567
Rockford,IL,1982,4883,6810,9991,16206,42.2711311,-89.0939952
St. Joseph,MO,1982,2021,2082,2715,4551,39.7577778,-94.8363889
St. Louis,MO,1982,39316,98711,92403,133612,38.646991,-90.224967
Salinas,CA,1982,5225,6739,7180,11799,36.6777372,-121.6555013
Salisbury,MD,1982,1647,1713,2220,3796,38.3606736,-75.5993692
Salt Lake City,UT,1982,12420,21168,24518,43131,40.7607793,-111.8910474
San Angelo,TX,1982,1958,3065,5007,4588,31.4637723,-100.4370375
San Antonio,TX,1982,18155,36810,44167,58717,29.4241219,-98.4936282
San Diego,CA,1982,31267,52213,56638,106864,32.7153292,-117.1572551
San Jose,CA,1982,24240,69553,65655,106800,37.3393857,-121.8949555
San Luis Obispo,CA,1982,3340,9045,3881,6589,35.2827524,-120.6596156
Santa Fe,NM,1982,1976,1916,2410,3204,35.6869752,-105.937799
Savannah,GA,1982,4083,5649,8281,11264,32.0835407,-81.0998342
Scranton,PA,1982,8705,9961,13411,22924,41.408969,-75.6624122
Shreveport,LA,1982,6487,12201,12088,21198,32.5251516,-93.7501789
Sioux City,IA,1982,2683,2709,3102,10149,42.4999942,-96.4003069
Sioux Falls,SD,1982,3133,3405,4700,8269,43.5499749,-96.700327
Spokane,WA,1982,6219,9221,8792,19878,47.6587802,-117.4260466
Springfield,IL,1982,3393,3676,4399,10070,39.8403147,-88.9548001
Springfield,MO,1982,4685,6787,7492,12557,37.215326,-93.2982436
Syracuse,NY,1982,9624,11311,27720,27158,43.0481221,-76.1474244
Terre Haute,IN,1982,2660,3074,2862,8175,39.4667034,-87.4139092
Toledo,OH,1982,10083,11362,16926,33040,41.6639383,-83.555212
Topeka,KS,1982,3779,5200,15033,8626,39.0483336,-95.6780371
Tucson,AZ,1982,8908,21782,16382,30010,32.2217429,-110.926479
Tulsa,OK,1982,14659,27929,34663,50106,36.1539816,-95.992775
Utica,NY,1982,4422,6347,6335,10268,43.100903,-75.232664
Victoria,TX,1982,2083,3760,4224,4723,28.8052674,-97.0035982
Visalia,CA,1982,3918,6492,4959,9728,36.3302284,-119.2920585
Wilmington,NC,1982,2960,4475,3969,8867,34.2257255,-77.9447102
York,PA,1982,4847,5978,8334,16864,39.9625984,-76.727745
Youngstown,OH,1982,9247,11280,13248,36679,41.0997803,-80.6495194
Akron,OH,1987,11092,16109,25495,37942,41.0814447,-81.5190053
Albany,GA,1987,2539,3398,4252,6382,31.5785074,-84.155741
Alexandria,LA,1987,2470,2696,3482,6352,31.3112936,-92.4451371
Altoona,PA,1987,2408,3310,4439,5888,40.5186809,-78.3947359
Amarillo,TX,1987,4230,4919,6424,16051,35.2219971,-101.8312969
Ames,IA,1987,1276,1131,1503,2720,42.02335,-93.625622
Anchorage,AK,1987,5320,6789,9075,26374,61.2180556,-149.9002778
Anderson,SC,1987,2411,2366,3802,4361,34.5034394,-82.6501332
Appleton,WI,1987,3223,5196,5081,7769,44.2619309,-88.4153847
Atlanta,GA,1987,53520,126083,149381,240469,33.7489954,-84.3879824
Augusta,GA,1987,6402,9355,13603,16013,33.47,-81.975
Austin,TX,1987,15577,26880,24681,68116,30.267153,-97.7430608
Bakersfield,CA,1987,7984,12365,12729,29977,35.3732921,-119.0187125
Baltimore,MD,1987,38541,94533,94894,139576,39.2903848,-76.6121893
Bangor,ME,1987,2811,3551,4893,6489,44.8011821,-68.7778138
Baton Rouge,LA,1987,10109,14600,19622,37712,30.4507462,-91.154551
Battle Creek,MI,1987,2253,2745,5844,6083,42.3211522,-85.1797142
Bay City,MI,1987,1842,1687,2696,3713,43.5944677,-83.8888647
Bend,OR,1987,2065,1700,2911,4239,44.0581728,-121.3153096
Billings,MT,1987,3338,3875,4792,8474,45.7832856,-108.5006904
Binghamton,NY,1987,4128,3751,6560,12746,42.0986867,-75.9179738
Birmingham,AL,1987,15971,24895,38650,61216,33.5206608,-86.80249
Bloomington,IL,1987,2262,2878,4582,6143,40.4842027,-88.9936873
Bowling Green,KY,1987,1657,1677,3266,4083,36.9903199,-86.4436018
Buffalo,NY,1987,19492,24522,42290,61857,42.8864468,-78.8783689
Canton,OH,1987,6976,8073,14277,22598,40.7989473,-81.378447
Champaign,IL,1987,3609,4308,7271,8846,39.8403147,-88.9548001
Charleston,SC,1987,7895,13041,14440,24180,32.7765656,-79.9309216
Charlotte,NC,1987,19846,32822,57361,83301,35.2270869,-80.8431267
Charlottesville,VA,1987,2966,3584,5514,5396,38.0293059,-78.4766781
Chattanooga,TN,1987,7502,10603,20582,22532,35.0456297,-85.3096801
Chicago,IL,1987,136274,206212,330780,550995,41.850033,-87.6500523
Cincinnati,OH,1987,29127,48556,82161,107859,39.1361111,-84.5030556
Columbia,SC,1987,9540,17247,19739,30511,34.0007104,-81.0348144
Columbus,GA,1987,911,794,1586,1696,32.4609764,-84.9877094
Columbus,OH,1987,21853,40728,64972,79288,39.9611755,-82.9987942
Corpus Christi,TX,1987,6748,8317,10723,24872,27.8005828,-97.396381
Dayton,OH,1987,13055,19525,31614,41083,39.7589478,-84.1916069
Decatur,AL,1987,2161,2559,3697,4485,34.6059253,-86.9833417
Denver,CO,1987,35083,63627,67391,167439,39.7391536,-104.9847034
Detroit,MI,1987,66458,105528,168646,259488,42.331427,-83.0457538
Dothan,AL,1987,2475,3469,4657,5724,31.2232313,-85.3904888
Durham,NC,1987,5830,7935,12408,22090,35.9940329,-78.898619
Eau Claire,WI,1987,2628,3392,4428,4252,44.811349,-91.4984941
El Centro,CA,1987,1565,1728,2264,3631,32.792,-115.5630514
Elkhart,IN,1987,3435,4966,11185,11067,41.6819935,-85.9766671
Elmira,NY,1987,1573,1752,3248,3510,42.0897965,-76.8077338
El Paso,TX,1987,7706,16228,15630,27275,31.7587198,-106.4869314
Erie,PA,1987,4793,6674,8679,14457,42.1292241,-80.085059
Eugene,OR,1987,6225,7613,10560,13019,44.0520691,-123.0867536
Evansville,IN,1987,6476,7648,11969,17175,37.9747644,-87.5558482
Fairbanks,AK,1987,1354,1237,1772,4139,64.8377778,-147.7163889
Fayetteville,NC,1987,3659,4580,7289,8548,35.0526641,-78.8783585
Florence,AL,1987,2369,2212,3728,5424,34.79981,-87.677251
Gainesville,FL,1987,3471,5312,6127,9005,29.6516344,-82.3248262
Great Falls,MT,1987,1840,2438,2259,3731,47.5002354,-111.3008083
Gulfport,MS,1987,3498,4475,5281,9066,30.3674198,-89.0928155
Hagerstown,MD,1987,3145,3678,5797,6438,39.6417629,-77.7199932
Harrisonburg,VA,1987,1645,1909,2685,3538,38.4495688,-78.8689155
Hartford,CT,1987,22750,30730,66440,64806,41.7637111,-72.6850932
Honolulu,HI,1987,14688,21682,36053,47080,21.3069444,-157.8583333
Houston,TX,1987,59283,116404,141122,324292,29.7628844,-95.3830615
Huntington,WV,1987,4594,4823,8570,11066,38.4192496,-82.445154
Indianapolis,IN,1987,22213,36775,58991,85125,39.7683765,-86.1580423
Iowa City,IA,1987,2131,2237,2670,4225,41.677204,-91.5162792
Jackson,MS,1987,8039,12424,15877,36135,32.2987573,-90.1848103
Jackson,TN,1987,1899,3020,3485,5113,35.6145169,-88.8139469
Jacksonville,FL,1987,16397,32131,38010,60049,30.3321838,-81.655651
Jefferson City,MO,1987,2431,2100,4262,4975,38.5767017,-92.1735164
Jonesboro,AR,1987,1831,1666,3076,3967,35.8422967,-90.704279
Kansas City,MO,1987,29532,58004,70868,114275,39.0997265,-94.5785667
Kennewick,WA,1987,2572,2508,5014,7955,46.2112458,-119.1372338
Knoxville,TN,1987,10263,15716,20099,27814,35.9606384,-83.9207392
Lafayette,IN,1987,2547,3316,4933,6286,40.4167022,-86.8752869
Lafayette,LA,1987,4624,5934,7182,24346,30.2240897,-92.0198427
Lake Charles,LA,1987,3070,5029,4070,8377,30.2265949,-93.2173758
Lansing,MI,1987,6682,9726,14143,21150,42.732535,-84.5555347
Laredo,TX,1987,1863,2114,2340,6076,27.506407,-99.5075421
Las Vegas,NV,1987,9978,21050,37673,32880,36.114646,-115.172816
Lawton,OK,1987,1713,1451,2290,3686,34.6086854,-98.3903305
Lexington,KY,1987,7130,10518,13525,24691,38.0317136,-84.4951359
Lima,OH,1987,2201,2255,4045,5470,40.742551,-84.1052256
Longview,TX,1987,3934,4240,4411,13063,32.5007037,-94.7404891
Los Angeles,CA,1987,199808,351141,582169,837895,34.0522342,-118.2436849
Lubbock,TX,1987,4758,5792,6919,14405,33.5778631,-101.8551665
Lynchburg,VA,1987,3628,3650,6372,8178,37.4137536,-79.1422464
Macon,GA,1987,3708,5139,6448,10581,32.8406946,-83.6324022
Madison,WI,1987,8512,12000,16775,16873,43.0730517,-89.4012302
Manchester,NH,1987,7614,12872,16818,26180,42.9956397,-71.4547891
Mankato,MN,1987,1680,963,3008,2985,44.1635775,-93.9993996
McAllen,TX,1987,4316,5590,7272,13111,26.2034071,-98.2300124
Memphis,TN,1987,16502,26788,44914,71051,35.1495343,-90.0489801
Midland,TX,1987,2806,3093,3867,13157,31.9973456,-102.0779146
Milwaukee,WI,1987,26041,42836,58201,73324,43.0389025,-87.9064736
Missoula,MT,1987,2169,1823,3710,4056,46.872146,-113.9939982
Modesto,CA,1987,5612,6580,11420,13284,37.6390972,-120.9968782
Montgomery,AL,1987,5071,7097,12212,18129,32.3668052,-86.2999689
Myrtle Beach,SC,1987,3580,5739,5622,9725,33.6890603,-78.8866943
Naples,FL,1987,3816,6341,6048,8150,26.1420358,-81.7948103
Nashville,TN,1987,19245,34004,50091,73596,36.1658899,-86.7844432
New Haven,CT,1987,16853,18864,36953,46122,41.3081527,-72.9281577
New Orleans,LA,1987,21280,32189,40575,97528,29.9647222,-90.0705556
New York,NY,1987,359297,462116,804090,1127892,40.7142691,-74.0059729
Oklahoma City,OK,1987,18264,27241,32098,71997,35.4675602,-97.5164276
Omaha,NE,1987,12596,19266,29839,39754,41.254006,-95.999258
Panama City,FL,1987,2765,4518,4615,7463,30.1588129,-85.6602058
Parkersburg,WV,1987,3038,2807,5217,6082,39.2667418,-81.5615135
Pensacola,FL,1987,5667,9546,10790,16154,30.421309,-87.2169149
Philadelphia,PA,1987,92433,137922,240635,342756,39.952335,-75.163789
Phoenix,AZ,1987,37647,78169,88727,160481,33.4483771,-112.0740373
Pine Bluff,AR,1987,1665,2580,2316,3590,34.2284312,-92.0031955
Pittsburgh,PA,1987,41277,58083,94004,137422,40.4406248,-79.9958864
Pocatello,ID,1987,1377,1500,1393,3630,42.8713032,-112.4455344
Portland,OR,1987,29685,42971,62531,86162,45.5234515,-122.6762071
Pueblo,CO,1987,2260,2152,2664,5275,38.2544472,-104.6091409
Rapid City,SD,1987,2275,2696,3175,4465,44.0805434,-103.2310149
Redding,CA,1987,3391,3377,5728,5648,40.5865396,-122.3916754
Reno,NV,1987,6191,12523,15320,25207,39.5296329,-119.8138027
Rochester,NY,1987,15552,19434,44727,73485,43.1547845,-77.6155567
Rockford,IL,1987,5343,6317,10949,17377,42.2711311,-89.0939952
St. Joseph,MO,1987,2126,2712,3036,5942,39.7577778,-94.8363889
St. Louis,MO,1987,44897,70865,113682,168329,38.646991,-90.224967
Salinas,CA,1987,6186,8045,11334,15438,36.6777372,-121.6555013
Salisbury,MD,1987,1935,2796,3702,5140,38.3606736,-75.5993692
Salt Lake City,UT,1987,14038,24660,36251,56654,40.7607793,-111.8910474
San Angelo,TX,1987,2077,2196,2679,8284,31.4637723,-100.4370375
San Antonio,TX,1987,21754,36458,45330,86215,29.4241219,-98.4936282
San Diego,CA,1987,40041,77813,98018,146385,32.7153292,-117.1572551
San Jose,CA,1987,28258,47706,82646,113005,37.3393857,-121.8949555
San Luis Obispo,CA,1987,4493,5631,6464,8825,35.2827524,-120.6596156
Santa Fe,NM,1987,2410,3096,3507,5813,35.6869752,-105.937799
Savannah,GA,1987,4749,7583,10123,15253,32.0835407,-81.0998342
Scranton,PA,1987,9733,13563,19320,29286,41.408969,-75.6624122
Shreveport,LA,1987,6729,8087,10677,25757,32.5251516,-93.7501789
Sioux City,IA,1987,2752,3167,4827,9004,42.4999942,-96.4003069
Sioux Falls,SD,1987,3616,3419,5719,7741,43.5499749,-96.700327
Spokane,WA,1987,7015,9108,12504,22613,47.6587802,-117.4260466
Springfield,IL,1987,3808,3818,6966,8869,39.8403147,-88.9548001
Springfield,MO,1987,6029,6701,10735,14190,37.215326,-93.2982436
Syracuse,NY,1987,11220,15647,24827,35787,43.0481221,-76.1474244
Terre Haute,IN,1987,2757,2905,4499,5773,39.4667034,-87.4139092
Toledo,OH,1987,11100,15123,25833,36180,41.6639383,-83.555212
Topeka,KS,1987,4171,4737,7248,9810,39.0483336,-95.6780371
Tucson,AZ,1987,11074,21401,24002,40620,32.2217429,-110.926479
Tulsa,OK,1987,15197,23443,24282,61631,36.1539816,-95.992775
Utica,NY,1987,4964,4728,8889,11096,43.100903,-75.232664
Victoria,TX,1987,2171,1806,1902,6268,28.8052674,-97.0035982
Visalia,CA,1987,4455,6084,10211,10222,36.3302284,-119.2920585
Wilmington,NC,1987,4145,5030,6713,10449,34.2257255,-77.9447102
York,PA,1987,5755,8258,11149,17892,39.9625984,-76.727745
Youngstown,OH,1987,10059,11840,16911,30064,41.0997803,-80.6495194
Akron,OH,1992,12064,12017,33889,37656,41.0814447,-81.5190053
Albany,GA,1992,2554,2651,4724,6198,31.5785074,-84.155741
Alexandria,LA,1992,2421,1775,4656,5896,31.3112936,-92.4451371
Altoona,PA,1992,2524,1773,3659,6189,40.5186809,-78.3947359
Amarillo,TX,1992,4149,4377,7337,10179,35.2219971,-101.8312969
Ames,IA,1992,1408,1047,2302,4080,42.02335,-93.625622
Anchorage,AK,1992,5872,5933,12861,17699,61.2180556,-149.9002778
Anderson,SC,1992,2577,3184,4476,5977,34.5034394,-82.6501332
Appleton,WI,1992,3557,4110,7007,8604,44.2619309,-88.4153847
Atlanta,GA,1992,60421,108995,179383,257813,33.7489954,-84.3879824
Augusta,GA,1992,6857,6697,15074,20121,33.47,-81.975
Austin,TX,1992,16576,27131,37812,47151,30.267153,-97.7430608
Bakersfield,CA,1992,8359,10936,15719,28961,35.3732921,-119.0187125
Baltimore,MD,1992,41819,51471,92573,157192,39.2903848,-76.6121893
Bangor,ME,1992,2951,2012,3869,6896,44.8011821,-68.7778138
Baton Rouge,LA,1992,10552,12982,27865,33075,30.4507462,-91.154551
Battle Creek,MI,1992,2339,2226,4199,6968,42.3211522,-85.1797142
Bay City,MI,1992,1978,1346,2429,4367,43.5944677,-83.8888647
Bend,OR,1992,2466,2438,3224,4865,44.0581728,-121.3153096
Billings,MT,1992,3441,2746,6361,6214,45.7832856,-108.5006904
Binghamton,NY,1992,4193,3208,8755,12489,42.0986867,-75.9179738
Birmingham,AL,1992,16953,19031,40945,61576,33.5206608,-86.80249
Bloomington,IL,1992,2531,3077,4836,7330,40.4842027,-88.9936873
Bowling Green,KY,1992,1831,1844,3788,4946,36.9903199,-86.4436018
Buffalo,NY,1992,20633,24308,46296,63518,42.8864468,-78.8783689
Canton,OH,1992,7299,5392,11053,18350,40.7989473,-81.378447
Champaign,IL,1992,3632,3428,5787,8909,39.8403147,-88.9548001
Charleston,SC,1992,8889,11309,21202,28424,32.7765656,-79.9309216
Charlotte,NC,1992,22370,38110,59087,89953,35.2270869,-80.8431267
Charlottesville,VA,1992,3382,2192,4316,6658,38.0293059,-78.4766781
Chattanooga,TN,1992,8003,7690,17689,29545,35.0456297,-85.3096801
Chicago,IL,1992,147924,224667,378891,566688,41.850033,-87.6500523
Cincinnati,OH,1992,31124,35499,72756,114936,39.1361111,-84.5030556
Columbia,SC,1992,10296,12071,19319,32061,34.0007104,-81.0348144
Columbus,GA,1992,957,738,1866,1302,32.4609764,-84.9877094
Columbus,OH,1992,23939,37036,64285,87599,39.9611755,-82.9987942
Corpus Christi,TX,1992,6753,7619,11610,18380,27.8005828,-97.396381
Dayton,OH,1992,13564,15217,28743,50282,39.7589478,-84.1916069
Decatur,AL,1992,2340,2101,4062,4745,34.6059253,-86.9833417
Denver,CO,1992,37808,55232,87928,121628,39.7391536,-104.9847034
Detroit,MI,1992,69938,86125,185207,242795,42.331427,-83.0457538
Dothan,AL,1992,2542,2731,4979,6058,31.2232313,-85.3904888
Durham,NC,1992,6501,7374,21393,20086,35.9940329,-78.898619
Eau Claire,WI,1992,2813,2608,6034,6313,44.811349,-91.4984941
El Centro,CA,1992,1833,1790,3738,4689,32.792,-115.5630514
Elkhart,IN,1992,3691,4655,12642,10211,41.6819935,-85.9766671
Elmira,NY,1992,1638,1280,2087,5281,42.0897965,-76.8077338
El Paso,TX,1992,8487,13313,22671,29596,31.7587198,-106.4869314
Erie,PA,1992,5053,9650,9050,18770,42.1292241,-80.085059
Eugene,OR,1992,6720,7760,9736,15861,44.0520691,-123.0867536
Evansville,IN,1992,6543,6029,14922,18598,37.9747644,-87.5558482
Fairbanks,AK,1992,1461,1878,2183,3907,64.8377778,-147.7163889
Fayetteville,NC,1992,3797,4194,8150,8239,35.0526641,-78.8783585
Florence,AL,1992,2549,1897,5419,7442,34.79981,-87.677251
Gainesville,FL,1992,3860,4420,5981,9082,29.6516344,-82.3248262
Great Falls,MT,1992,1927,1690,2901,3141,47.5002354,-111.3008083
Gulfport,MS,1992,3521,4100,5919,11112,30.3674198,-89.0928155
Hagerstown,MD,1992,3474,3043,5760,7732,39.6417629,-77.7199932
Harrisonburg,VA,1992,1920,2866,3184,3776,38.4495688,-78.8689155
Hartford,CT,1992,22400,23465,43616,87666,41.7637111,-72.6850932
Honolulu,HI,1992,15621,16545,34362,49951,21.3069444,-157.8583333
Houston,TX,1992,66129,131528,191918,298041,29.7628844,-95.3830615
Huntington,WV,1992,4761,3162,7667,11081,38.4192496,-82.445154
Indianapolis,IN,1992,25132,43683,56932,93928,39.7683765,-86.1580423
Iowa City,IA,1992,2304,2151,4830,4812,41.677204,-91.5162792
Jackson,MS,1992,8189,9119,21890,26977,32.2987573,-90.1848103
Jackson,TN,1992,2099,3095,5279,4841,35.6145169,-88.8139469
Jacksonville,FL,1992,17779,29747,38358,63385,30.3321838,-81.655651
Jefferson City,MO,1992,2485,1888,4009,5116,38.5767017,-92.1735164
Jonesboro,AR,1992,1930,1437,3576,4283,35.8422967,-90.704279
Kansas City,MO,1992,31457,43589,73701,115343,39.0997265,-94.5785667
Kennewick,WA,1992,2841,2560,5383,5610,46.2112458,-119.1372338
Knoxville,TN,1992,10936,13420,23591,30911,35.9606384,-83.9207392
Lafayette,IN,1992,2746,2559,5061,7001,40.4167022,-86.8752869
Lafayette,LA,1992,4900,6181,12591,14720,30.2240897,-92.0198427
Lake Charles,LA,1992,3132,2622,10375,9058,30.2265949,-93.2173758
Lansing,MI,1992,7276,6485,13517,19599,42.732535,-84.5555347
Laredo,TX,1992,2634,3864,4061,7202,27.506407,-99.5075421
Las Vegas,NV,1992,13031,27208,34573,60103,36.114646,-115.172816
Lawton,OK,1992,1696,1513,2675,3602,34.6086854,-98.3903305
Lexington,KY,1992,7620,7930,16843,23610,38.0317136,-84.4951359
Lima,OH,1992,2205,1865,3666,5310,40.742551,-84.1052256
Longview,TX,1992,3922,3112,6062,8822,32.5007037,-94.7404891
Los Angeles,CA,1992,208167,387921,498730,1058553,34.0522342,-118.2436849
Lubbock,TX,1992,4884,6196,8936,13782,33.5778631,-101.8551665
Lynchburg,VA,1992,3971,6215,6756,8626,37.4137536,-79.1422464
Macon,GA,1992,3863,5089,7191,15622,32.8406946,-83.6324022
Madison,WI,1992,9303,9122,18250,22993,43.0730517,-89.4012302
Manchester,NH,1992,7391,7943,14095,23948,42.9956397,-71.4547891
Mankato,MN,1992,1766,2016,3031,3807,44.1635775,-93.9993996
McAllen,TX,1992,5089,7215,9436,14439,26.2034071,-98.2300124
Memphis,TN,1992,17379,25371,54702,70515,35.1495343,-90.0489801
Midland,TX,1992,3063,2833,4289,7659,31.9973456,-102.0779146
Milwaukee,WI,1992,27970,28623,58556,87681,43.0389025,-87.9064736
Missoula,MT,1992,2355,2048,4348,3997,46.872146,-113.9939982
Modesto,CA,1992,6179,5622,10451,18297,37.6390972,-120.9968782
Montgomery,AL,1992,5548,6893,12818,15724,32.3668052,-86.2999689
Myrtle Beach,SC,1992,4122,4448,6357,8871,33.6890603,-78.8866943
Naples,FL,1992,4954,6931,6195,12481,26.1420358,-81.7948103
Nashville,TN,1992,20985,30758,50688,71002,36.1658899,-86.7844432
New Haven,CT,1992,16441,15482,28186,50665,41.3081527,-72.9281577
New Orleans,LA,1992,21389,31547,51360,79135,29.9647222,-90.0705556
New York,NY,1992,354964,393392,745614,1153388,40.7142691,-74.0059729
Oklahoma City,OK,1992,19181,22883,38243,56429,35.4675602,-97.5164276
Omaha,NE,1992,13479,16058,28204,40690,41.254006,-95.999258
Panama City,FL,1992,2967,2917,5399,6889,30.1588129,-85.6602058
Parkersburg,WV,1992,3101,2854,4953,5959,39.2667418,-81.5615135
Pensacola,FL,1992,6009,7316,12823,16302,30.421309,-87.2169149
Philadelphia,PA,1992,97074,120470,202080,376369,39.952335,-75.163789
Phoenix,AZ,1992,40147,69655,101772,156836,33.4483771,-112.0740373
Pine Bluff,AR,1992,1617,1100,2851,3770,34.2284312,-92.0031955
Pittsburgh,PA,1992,43548,45903,92205,132695,40.4406248,-79.9958864
Pocatello,ID,1992,1474,1668,2196,3581,42.8713032,-112.4455344
Portland,OR,1992,33670,39230,67901,109526,45.5234515,-122.6762071
Pueblo,CO,1992,2239,1723,4253,4642,38.2544472,-104.6091409
Rapid City,SD,1992,2547,2485,3918,4998,44.0805434,-103.2310149
Redding,CA,1992,3726,2903,4596,8315,40.5865396,-122.3916754
Reno,NV,1992,6939,7345,12340,20665,39.5296329,-119.8138027
Rochester,NY,1992,16354,20520,35842,54956,43.1547845,-77.6155567
Rockford,IL,1992,5740,5093,12300,16593,42.2711311,-89.0939952
St. Joseph,MO,1992,2231,1655,3751,5250,39.7577778,-94.8363889
St. Louis,MO,1992,47350,53484,105320,159310,38.646991,-90.224967
Salinas,CA,1992,6505,7593,9702,17308,36.6777372,-121.6555013
Salisbury,MD,1992,2125,1874,3148,6657,38.3606736,-75.5993692
Salt Lake City,UT,1992,15289,20978,45212,58561,40.7607793,-111.8910474
San Angelo,TX,1992,2029,2847,3049,5009,31.4637723,-100.4370375
San Antonio,TX,1992,22211,38620,53155,72757,29.4241219,-98.4936282
San Diego,CA,1992,44250,57624,90693,170410,32.7153292,-117.1572551
San Jose,CA,1992,30550,50159,78575,151826,37.3393857,-121.8949555
San Luis Obispo,CA,1992,4935,4027,7185,11509,35.2827524,-120.6596156
Santa Fe,NM,1992,3024,2803,4039,6748,35.6869752,-105.937799
Savannah,GA,1992,5068,7258,11451,14302,32.0835407,-81.0998342
Scranton,PA,1992,10340,11287,19210,31101,41.408969,-75.6624122
Shreveport,LA,1992,6236,7211,15675,18299,32.5251516,-93.7501789
Sioux City,IA,1992,2852,3996,5309,8085,42.4999942,-96.4003069
Sioux Falls,SD,1992,4058,3942,8330,9334,43.5499749,-96.700327
Spokane,WA,1992,7856,7901,15818,19196,47.6587802,-117.4260466
Springfield,IL,1992,4082,4237,7048,11376,39.8403147,-88.9548001
Springfield,MO,1992,6710,7929,12323,14603,37.215326,-93.2982436
Syracuse,NY,1992,11687,12262,26299,38898,43.0481221,-76.1474244
Terre Haute,IN,1992,2910,2933,4798,7084,39.4667034,-87.4139092
Toledo,OH,1992,11572,11162,24441,36824,41.6639383,-83.555212
Topeka,KS,1992,4330,3443,6606,9480,39.0483336,-95.6780371
Tucson,AZ,1992,11743,13861,22642,35518,32.2217429,-110.926479
Tulsa,OK,1992,15682,17147,30344,47639,36.1539816,-95.992775
Utica,NY,1992,5126,3158,8948,12289,43.100903,-75.232664
Victoria,TX,1992,2113,1624,2916,3852,28.8052674,-97.0035982
Visalia,CA,1992,4790,4695,11246,12723,36.3302284,-119.2920585
Wilmington,NC,1992,4848,5337,8710,10328,34.2257255,-77.9447102
York,PA,1992,6110,4972,11323,18209,39.9625984,-76.727745
Youngstown,OH,1992,10394,8768,19381,26142,41.0997803,-80.6495194
Akron,OH,1997,13159,15060,25477,43038,41.0814447,-81.5190053
Albany,GA,1997,2712,2666,6030,6926,31.5785074,-84.155741
Alexandria,LA,1997,2651,3434,4271,8304,31.3112936,-92.4451371
Altoona,PA,1997,2620,2021,4751,6334,40.5186809,-78.3947359
Amarillo,TX,1997,4476,4604,7642,13532,35.2219971,-101.8312969
Ames,IA,1997,1499,1544,3084,3282,42.02335,-93.625622
Anchorage,AK,1997,6617,7341,13801,18348,61.2180556,-149.9002778
Anderson,SC,1997,2826,3462,4184,7999,34.5034394,-82.6501332
Appleton,WI,1997,4132,5771,7446,11061,44.2619309,-88.4153847
Atlanta,GA,1997,73575,150716,231530,314705,33.7489954,-84.3879824
Augusta,GA,1997,7404,9160,15215,28290,33.47,-81.975
Austin,TX,1997,21323,41038,54704,70234,30.267153,-97.7430608
Bakersfield,CA,1997,8106,9101,17233,27092,35.3732921,-119.0187125
Baltimore,MD,1997,44686,66551,107710,145844,39.2903848,-76.6121893
Bangor,ME,1997,3071,2551,3911,6937,44.8011821,-68.7778138
Baton Rouge,LA,1997,12020,16982,29482,39085,30.4507462,-91.154551
Battle Creek,MI,1997,2491,2458,5487,8224,42.3211522,-85.1797142
Bay City,MI,1997,2134,2087,3204,4492,43.5944677,-83.8888647
Bend,OR,1997,3130,3194,4474,6419,44.0581728,-121.3153096
Billings,MT,1997,3950,3510,5607,8244,45.7832856,-108.5006904
Binghamton,NY,1997,3956,4032,6933,11868,42.0986867,-75.9179738
Birmingham,AL,1997,18675,30753,48495,72058,33.5206608,-86.80249
Bloomington,IL,1997,2780,3381,6610,9257,40.4842027,-88.9936873
Bowling Green,KY,1997,2081,3041,4689,6211,36.9903199,-86.4436018
Buffalo,NY,1997,20522,24791,40825,64287,42.8864468,-78.8783689
Canton,OH,1997,7705,8312,13106,22995,40.7989473,-81.378447
Champaign,IL,1997,3817,4649,6736,10176,39.8403147,-88.9548001
Charleston,SC,1997,9699,14112,22163,25615,32.7765656,-79.9309216
Charlotte,NC,1997,26037,57024,68432,103031,35.2270869,-80.8431267
Charlottesville,VA,1997,3861,3134,6402,6836,38.0293059,-78.4766781
Chattanooga,TN,1997,8585,13093,21515,25191,35.0456297,-85.3096801
Chicago,IL,1997,160511,221084,427509,575168,41.850033,-87.6500523
Cincinnati,OH,1997,33626,61097,92313,129134,39.1361111,-84.5030556
Columbia,SC,1997,11417,14464,25534,34931,34.0007104,-81.0348144
Columbus,GA,1997,1136,1051,2046,3426,32.4609764,-84.9877094
Columbus,OH,1997,26548,62069,77712,116037,39.9611755,-82.9987942
Corpus Christi,TX,1997,7243,13170,15019,22428,27.8005828,-97.396381
Dayton,OH,1997,14187,22410,41618,53863,39.7589478,-84.1916069
Decatur,AL,1997,2619,2951,5296,6090,34.6059253,-86.9833417
Denver,CO,1997,45415,81875,109742,160666,39.7391536,-104.9847034
Detroit,MI,1997,75459,117102,227866,298326,42.331427,-83.0457538
Dothan,AL,1997,2846,3923,5051,8901,31.2232313,-85.3904888
Durham,NC,1997,7627,10692,24291,26907,35.9940329,-78.898619
Eau Claire,WI,1997,3014,3041,5598,8059,44.811349,-91.4984941
El Centro,CA,1997,1840,1924,2528,4638,32.792,-115.5630514
Elkhart,IN,1997,4008,4453,11563,15199,41.6819935,-85.9766671
Elmira,NY,1997,1534,1104,3122,3799,42.0897965,-76.8077338
El Paso,TX,1997,8941,13575,24423,33536,31.7587198,-106.4869314
Erie,PA,1997,5215,7260,9307,15134,42.1292241,-80.085059
Eugene,OR,1997,7591,7937,14253,18776,44.0520691,-123.0867536
Evansville,IN,1997,6847,8863,13395,19115,37.9747644,-87.5558482
Fairbanks,AK,1997,1660,1677,2620,3332,64.8377778,-147.7163889
Fayetteville,NC,1997,4319,4687,8608,11276,35.0526641,-78.8783585
Florence,AL,1997,2800,3014,4857,9839,34.79981,-87.677251
Gainesville,FL,1997,4124,4672,7426,17504,29.6516344,-82.3248262
Great Falls,MT,1997,2058,1378,3167,4852,47.5002354,-111.3008083
Gulfport,MS,1997,4084,6663,10430,12416,30.3674198,-89.0928155
Hagerstown,MD,1997,3720,3785,7483,8843,39.6417629,-77.7199932
Harrisonburg,VA,1997,2067,1663,3801,3915,38.4495688,-78.8689155
Hartford,CT,1997,22827,31909,57377,71606,41.7637111,-72.6850932
Honolulu,HI,1997,15485,14104,27220,44634,21.3069444,-157.8583333
Houston,TX,1997,73467,138699,225716,307866,29.7628844,-95.3830615
Huntington,WV,1997,4981,4745,8133,12760,38.4192496,-82.445154
Indianapolis,IN,1997,28034,45916,79767,106177,39.7683765,-86.1580423
Iowa City,IA,1997,2581,2002,4239,5251,41.677204,-91.5162792
Jackson,MS,1997,8859,11756,26597,32690,32.2987573,-90.1848103
Jackson,TN,1997,2325,3440,6591,6700,35.6145169,-88.8139469
Jacksonville,FL,1997,19549,35647,46645,75324,30.3321838,-81.655651
Jefferson City,MO,1997,2697,1760,4027,6152,38.5767017,-92.1735164
Jonesboro,AR,1997,2159,2956,3253,4483,35.8422967,-90.704279
Kansas City,MO,1997,34939,52572,87824,116857,39.0997265,-94.5785667
Kennewick,WA,1997,3319,11060,4648,18377,46.2112458,-119.1372338
Knoxville,TN,1997,12003,16795,25233,45566,35.9606384,-83.9207392
Lafayette,IN,1997,2986,4222,5764,8895,40.4167022,-86.8752869
Lafayette,LA,1997,5607,7043,12836,15071,30.2240897,-92.0198427
Lake Charles,LA,1997,3474,4273,9574,11221,30.2265949,-93.2173758
Lansing,MI,1997,7988,8273,18362,22292,42.732535,-84.5555347
Laredo,TX,1997,3021,4359,5249,6436,27.506407,-99.5075421
Las Vegas,NV,1997,17202,48151,63279,75538,36.114646,-115.172816
Lawton,OK,1997,1778,2618,2353,4321,34.6086854,-98.3903305
Lexington,KY,1997,8280,9952,23244,26839,38.0317136,-84.4951359
Lima,OH,1997,2335,2133,4839,7764,40.742551,-84.1052256
Longview,TX,1997,4138,4328,7473,9317,32.5007037,-94.7404891
Los Angeles,CA,1997,212511,359499,597793,824588,34.0522342,-118.2436849
Lubbock,TX,1997,5179,5954,9388,13821,33.5778631,-101.8551665
Lynchburg,VA,1997,4357,3567,7605,11289,37.4137536,-79.1422464
Macon,GA,1997,4198,6262,8815,13035,32.8406946,-83.6324022
Madison,WI,1997,10510,13825,23426,27582,43.0730517,-89.4012302
Manchester,NH,1997,8139,10389,17962,24366,42.9956397,-71.4547891
Mankato,MN,1997,1834,1728,3127,4584,44.1635775,-93.9993996
McAllen,TX,1997,5951,8342,11529,15804,26.2034071,-98.2300124
Memphis,TN,1997,18497,33492,63840,74695,35.1495343,-90.0489801
Midland,TX,1997,3304,4075,5600,7989,31.9973456,-102.0779146
Milwaukee,WI,1997,29469,36557,70810,96821,43.0389025,-87.9064736
Missoula,MT,1997,2751,2598,4297,5184,46.872146,-113.9939982
Modesto,CA,1997,6184,6419,13045,13978,37.6390972,-120.9968782
Montgomery,AL,1997,6222,8145,12817,18999,32.3668052,-86.2999689
Myrtle Beach,SC,1997,5091,6839,8917,13199,33.6890603,-78.8866943
Naples,FL,1997,5950,6052,9823,12016,26.1420358,-81.7948103
Nashville,TN,1997,24497,45496,67022,94905,36.1658899,-86.7844432
New Haven,CT,1997,16526,16313,34791,43331,41.3081527,-72.9281577
New Orleans,LA,1997,23288,30480,58086,83214,29.9647222,-90.0705556
New York,NY,1997,377760,443575,826805,1094023,40.7142691,-74.0059729
Oklahoma City,OK,1997,21569,31205,44351,64900,35.4675602,-97.5164276
Omaha,NE,1997,14473,24409,34071,59852,41.254006,-95.999258
Panama City,FL,1997,3231,3178,5820,8084,30.1588129,-85.6602058
Parkersburg,WV,1997,3319,3016,4528,7177,39.2667418,-81.5615135
Pensacola,FL,1997,6437,8224,12687,20132,30.421309,-87.2169149
Philadelphia,PA,1997,101559,137162,260218,359638,39.952335,-75.163789
Phoenix,AZ,1997,48128,110229,166198,200772,33.4483771,-112.0740373
Pine Bluff,AR,1997,1601,1166,2710,3627,34.2284312,-92.0031955
Pittsburgh,PA,1997,44601,58832,104738,141338,40.4406248,-79.9958864
Pocatello,ID,1997,1609,1627,2173,3436,42.8713032,-112.4455344
Portland,OR,1997,40071,58161,100706,120260,45.5234515,-122.6762071
Pueblo,CO,1997,2492,2742,4724,5089,38.2544472,-104.6091409
Rapid City,SD,1997,2873,2959,4347,6484,44.0805434,-103.2310149
Redding,CA,1997,3533,3209,5078,6942,40.5865396,-122.3916754
Reno,NV,1997,8029,13771,18464,25451,39.5296329,-119.8138027
Rochester,NY,1997,16561,18813,46360,64636,43.1547845,-77.6155567
Rockford,IL,1997,6091,7496,11046,17890,42.2711311,-89.0939952
St. Joseph,MO,1997,2377,2673,3769,5264,39.7577778,-94.8363889
St. Louis,MO,1997,49986,65533,133188,157017,38.646991,-90.224967
Salinas,CA,1997,6539,6637,10933,17369,36.6777372,-121.6555013
Salisbury,MD,1997,2228,2739,4709,4421,38.3606736,-75.5993692
Salt Lake City,UT,1997,18746,38437,55708,67546,40.7607793,-111.8910474
San Angelo,TX,1997,2099,1805,4233,4600,31.4637723,-100.4370375
San Antonio,TX,1997,24963,46088,72388,91089,29.4241219,-98.4936282
San Diego,CA,1997,45829,60809,117768,146203,32.7153292,-117.1572551
San Jose,CA,1997,33468,53573,126441,137189,37.3393857,-121.8949555
San Luis Obispo,CA,1997,5088,5061,9514,9987,35.2827524,-120.6596156
Santa Fe,NM,1997,3504,3092,4797,7669,35.6869752,-105.937799
Savannah,GA,1997,5555,6524,11757,16027,32.0835407,-81.0998342
Scranton,PA,1997,10403,12871,21927,27971,41.408969,-75.6624122
Shreveport,LA,1997,6613,7724,12263,20465,32.5251516,-93.7501789
Sioux City,IA,1997,3036,3442,6885,10931,42.4999942,-96.4003069
Sioux Falls,SD,1997,4571,6283,9554,12859,43.5499749,-96.700327
Spokane,WA,1997,8751,10345,17124,25233,47.6587802,-117.4260466
Springfield,IL,1997,4421,4613,6314,10603,39.8403147,-88.9548001
Springfield,MO,1997,7730,10500,16395,23618,37.215326,-93.2982436
Syracuse,NY,1997,11400,11458,22480,31406,43.0481221,-76.1474244
Terre Haute,IN,1997,3104,2701,4829,9567,39.4667034,-87.4139092
Toledo,OH,1997,11953,15475,27883,38604,41.6639383,-83.555212
Topeka,KS,1997,4471,5168,8287,10791,39.0483336,-95.6780371
Tucson,AZ,1997,13315,20961,28470,40114,32.2217429,-110.926479
Tulsa,OK,1997,17083,22074,42624,51824,36.1539816,-95.992775
Utica,NY,1997,4858,4829,7767,12860,43.100903,-75.232664
Victoria,TX,1997,2234,2528,2729,4966,28.8052674,-97.0035982
Visalia,CA,1997,4671,4791,7689,11970,36.3302284,-119.2920585
Wilmington,NC,1997,6243,8557,10387,14337,34.2257255,-77.9447102
York,PA,1997,6266,5437,13197,20653,39.9625984,-76.727745
Youngstown,OH,1997,10963,12141,21995,28661,41.0997803,-80.6495194
Akron,OH,2002,13138,16870,25455,52081,41.0814447,-81.5190053
Albany,GA,2002,2664,3559,4499,7371,31.5785074,-84.155741
Alexandria,LA,2002,2722,3021,4382,7583,31.3112936,-92.4451371
Altoona,PA,2002,2649,2628,4444,7703,40.5186809,-78.3947359
Amarillo,TX,2002,4556,5824,8311,17863,35.2219971,-101.8312969
Ames,IA,2002,1566,1213,2550,4036,42.02335,-93.625622
Anchorage,AK,2002,7013,10157,14673,21884,61.2180556,-149.9002778
Anderson,SC,2002,2950,3153,3781,11180,34.5034394,-82.6501332
Appleton,WI,2002,4543,6126,10415,18521,44.2619309,-88.4153847
Atlanta,GA,2002,81588,175758,214836,437529,33.7489954,-84.3879824
Augusta,GA,2002,7623,11155,13574,26465,33.47,-81.975
Austin,TX,2002,23921,45154,59604,130700,30.267153,-97.7430608
Bakersfield,CA,2002,8674,17372,19654,36061,35.3732921,-119.0187125
Baltimore,MD,2002,46088,70712,96965,176916,39.2903848,-76.6121893
Bangor,ME,2002,3291,3192,4690,9268,44.8011821,-68.7778138
Baton Rouge,LA,2002,12499,23703,30217,57906,30.4507462,-91.154551
Battle Creek,MI,2002,2421,2815,4813,9875,42.3211522,-85.1797142
Bay City,MI,2002,2061,1759,2538,5527,43.5944677,-83.8888647
Bend,OR,2002,3809,4400,4495,7902,44.0581728,-121.3153096
Billings,MT,2002,4218,3895,6544,10377,45.7832856,-108.5006904
Binghamton,NY,2002,3944,6719,6795,15435,42.0986867,-75.9179738
Birmingham,AL,2002,18867,33593,39099,79460,33.5206608,-86.80249
Bloomington,IL,2002,2909,4336,5444,10147,40.4842027,-88.9936873
Bowling Green,KY,2002,2158,2131,4242,6252,36.9903199,-86.4436018
Buffalo,NY,2002,19800,32689,38505,71408,42.8864468,-78.8783689
Canton,OH,2002,7657,7229,14494,25089,40.7989473,-81.378447
Champaign,IL,2002,4011,3581,6359,12885,39.8403147,-88.9548001
Charleston,SC,2002,10861,14371,21882,40901,32.7765656,-79.9309216
Charlotte,NC,2002,28298,53250,77556,134606,35.2270869,-80.8431267
Charlottesville,VA,2002,4288,4288,6405,9917,38.0293059,-78.4766781
Chattanooga,TN,2002,8482,13071,17644,30778,35.0456297,-85.3096801
Chicago,IL,2002,164006,269131,378839,783939,41.850033,-87.6500523
Cincinnati,OH,2002,33730,64551,89989,166303,39.1361111,-84.5030556
Columbia,SC,2002,11995,17824,30688,51949,34.0007104,-81.0348144
Columbus,GA,2002,1147,929,1239,3000,32.4609764,-84.9877094
Columbus,OH,2002,27552,55348,84523,150441,39.9611755,-82.9987942
Corpus Christi,TX,2002,7245,9211,12978,23846,27.8005828,-97.396381
Dayton,OH,2002,13701,22045,31137,72421,39.7589478,-84.1916069
Decatur,AL,2002,2608,3019,3683,7790,34.6059253,-86.9833417
Denver,CO,2002,49047,80232,112135,254044,39.7391536,-104.9847034
Detroit,MI,2002,74990,136908,185600,373398,42.331427,-83.0457538
Dothan,AL,2002,2943,3449,11978,8379,31.2232313,-85.3904888
Durham,NC,2002,8124,19181,21932,43483,35.9940329,-78.898619
Eau Claire,WI,2002,3243,4559,5566,10375,44.811349,-91.4984941
El Centro,CA,2002,1966,2361,5328,8535,32.792,-115.5630514
Elkhart,IN,2002,4047,7235,8332,18135,41.6819935,-85.9766671
Elmira,NY,2002,1511,1474,2757,5304,42.0897965,-76.8077338
El Paso,TX,2002,9146,16001,22101,40128,31.7587198,-106.4869314
Erie,PA,2002,5199,6623,9048,19656,42.1292241,-80.085059
Eugene,OR,2002,7502,7025,12639,19778,44.0520691,-123.0867536
Evansville,IN,2002,6823,8417,13902,22052,37.9747644,-87.5558482
Fairbanks,AK,2002,1706,1764,2984,3240,64.8377778,-147.7163889
Fayetteville,NC,2002,4255,5929,7011,14811,35.0526641,-78.8783585
Florence,AL,2002,2678,2539,3253,10460,34.79981,-87.677251
Gainesville,FL,2002,4243,5810,7312,14631,29.6516344,-82.3248262
Great Falls,MT,2002,2008,1929,2345,4244,47.5002354,-111.3008083
Gulfport,MS,2002,4186,6356,5882,14273,30.3674198,-89.0928155
Hagerstown,MD,2002,3962,4174,7235,10016,39.6417629,-77.7199932
Harrisonburg,VA,2002,2299,2017,5246,6841,38.4495688,-78.8689155
Hartford,CT,2002,22418,33910,46895,81882,41.7637111,-72.6850932
Honolulu,HI,2002,15557,19658,28603,52954,21.3069444,-157.8583333
Houston,TX,2002,78154,174259,223059,377581,29.7628844,-95.3830615
Huntington,WV,2002,4767,4604,9078,13422,38.4192496,-82.445154
Indianapolis,IN,2002,28788,57069,73703,139844,39.7683765,-86.1580423
Iowa City,IA,2002,2746,4645,5094,9783,41.677204,-91.5162792
Jackson,MS,2002,9220,15180,20519,36947,32.2987573,-90.1848103
Jackson,TN,2002,2291,3054,4556,10466,35.6145169,-88.8139469
Jacksonville,FL,2002,20793,37931,66557,96927,30.3321838,-81.655651
Jefferson City,MO,2002,2863,3010,3675,7950,38.5767017,-92.1735164
Jonesboro,AR,2002,2236,2870,3628,6832,35.8422967,-90.704279
Kansas City,MO,2002,35928,61177,83720,157737,39.0997265,-94.5785667
Kennewick,WA,2002,3674,3849,6948,9785,46.2112458,-119.1372338
Knoxville,TN,2002,11722,19259,28215,45543,35.9606384,-83.9207392
Lafayette,IN,2002,3125,3277,4353,9903,40.4167022,-86.8752869
Lafayette,LA,2002,6006,8230,10897,20694,30.2240897,-92.0198427
Lake Charles,LA,2002,3423,5356,8000,11389,30.2265949,-93.2173758
Lansing,MI,2002,7971,12290,17908,26584,42.732535,-84.5555347
Laredo,TX,2002,3413,5658,6187,8519,27.506407,-99.5075421
Las Vegas,NV,2002,21627,60812,70967,122149,36.114646,-115.172816
Lawton,OK,2002,1771,2187,2990,4083,34.6086854,-98.3903305
Lexington,KY,2002,8628,12305,17839,33237,38.0317136,-84.4951359
Lima,OH,2002,2348,2524,3710,8261,40.742551,-84.1052256
Longview,TX,2002,4144,4927,6968,12362,32.5007037,-94.7404891
Los Angeles,CA,2002,226390,392152,548609,1035991,34.0522342,-118.2436849
Lubbock,TX,2002,5333,6825,9638,18035,33.5778631,-101.8551665
Lynchburg,VA,2002,4572,4656,7515,15186,37.4137536,-79.1422464
Macon,GA,2002,4215,4413,6665,13185,32.8406946,-83.6324022
Madison,WI,2002,11253,17384,21780,38001,43.0730517,-89.4012302
Manchester,NH,2002,8378,8951,15527,30692,42.9956397,-71.4547891
Mankato,MN,2002,2074,1948,3157,5754,44.1635775,-93.9993996
McAllen,TX,2002,6695,11569,15025,25666,26.2034071,-98.2300124
Memphis,TN,2002,18177,38098,47978,114906,35.1495343,-90.0489801
Midland,TX,2002,3269,3526,4524,8815,31.9973456,-102.0779146
Milwaukee,WI,2002,29482,39582,65367,123668,43.0389025,-87.9064736
Missoula,MT,2002,3037,2641,4138,6619,46.872146,-113.9939982
Modesto,CA,2002,6806,11384,15563,19856,37.6390972,-120.9968782
Montgomery,AL,2002,6021,9778,10999,25138,32.3668052,-86.2999689
Myrtle Beach,SC,2002,5544,7985,8135,18829,33.6890603,-78.8866943
Naples,FL,2002,6979,8808,10228,17078,26.1420358,-81.7948103
Nashville,TN,2002,24890,48397,63351,115271,36.1658899,-86.7844432
New Haven,CT,2002,16210,21332,30754,54436,41.3081527,-72.9281577
New Orleans,LA,2002,23374,32600,49729,88891,29.9647222,-90.0705556
New York,NY,2002,394639,535166,801955,1436006,40.7142691,-74.0059729
Oklahoma City,OK,2002,22407,35478,48619,84400,35.4675602,-97.5164276
Omaha,NE,2002,15249,22914,39690,54047,41.254006,-95.999258
Panama City,FL,2002,3282,3570,7133,10108,30.1588129,-85.6602058
Parkersburg,WV,2002,3264,2977,6368,10344,39.2667418,-81.5615135
Pensacola,FL,2002,6428,9962,12777,25429,30.421309,-87.2169149
Philadelphia,PA,2002,104331,187114,263224,447323,39.952335,-75.163789
Phoenix,AZ,2002,52428,116262,161260,283365,33.4483771,-112.0740373
Pine Bluff,AR,2002,1560,1911,2099,3999,34.2284312,-92.0031955
Pittsburgh,PA,2002,43944,66790,104044,158103,40.4406248,-79.9958864
Pocatello,ID,2002,1680,2043,2273,5093,42.8713032,-112.4455344
Portland,OR,2002,41709,65650,81516,167344,45.5234515,-122.6762071
Pueblo,CO,2002,2596,3164,3679,6380,38.2544472,-104.6091409
Rapid City,SD,2002,3099,2959,4698,9051,44.0805434,-103.2310149
Redding,CA,2002,3626,3756,5554,7632,40.5865396,-122.3916754
Reno,NV,2002,8865,13673,17954,31158,39.5296329,-119.8138027
Rochester,NY,2002,16910,24152,36919,69302,43.1547845,-77.6155567
Rockford,IL,2002,6043,7718,10261,24443,42.2711311,-89.0939952
St. Joseph,MO,2002,2417,3391,4247,6333,39.7577778,-94.8363889
St. Louis,MO,2002,50326,85300,120402,220334,38.646991,-90.224967
Salinas,CA,2002,6986,12065,12448,52539,36.6777372,-121.6555013
Salisbury,MD,2002,2370,3187,4349,6735,38.3606736,-75.5993692
Salt Lake City,UT,2002,20331,42990,50627,96629,40.7607793,-111.8910474
San Angelo,TX,2002,2154,1863,3652,5725,31.4637723,-100.4370375
San Antonio,TX,2002,26089,52827,57921,110285,29.4241219,-98.4936282
San Diego,CA,2002,51395,89755,124857,201097,32.7153292,-117.1572551
San Jose,CA,2002,34524,71404,98530,286444,37.3393857,-121.8949555
San Luis Obispo,CA,2002,5929,7386,8859,11491,35.2827524,-120.6596156
Santa Fe,NM,2002,3865,3702,4681,7129,35.6869752,-105.937799
Savannah,GA,2002,5846,9931,11643,19164,32.0835407,-81.0998342
Scranton,PA,2002,10243,14332,19507,39357,41.408969,-75.6624122
Shreveport,LA,2002,6633,7946,16353,24210,32.5251516,-93.7501789
Sioux City,IA,2002,3096,3389,7517,19716,42.4999942,-96.4003069
Sioux Falls,SD,2002,5116,6560,10670,17390,43.5499749,-96.700327
Spokane,WA,2002,8782,11491,14800,30245,47.6587802,-117.4260466
Springfield,IL,2002,4449,4927,7490,14554,39.8403147,-88.9548001
Springfield,MO,2002,8058,11105,14387,25305,37.215326,-93.2982436
Syracuse,NY,2002,11363,13823,25210,39752,43.0481221,-76.1474244
Terre Haute,IN,2002,3035,3054,4063,10432,39.4667034,-87.4139092
Toledo,OH,2002,11889,17238,24683,46421,41.6639383,-83.555212
Topeka,KS,2002,4596,5417,8301,14824,39.0483336,-95.6780371
Tucson,AZ,2002,13821,23273,28334,54865,32.2217429,-110.926479
Tulsa,OK,2002,17577,26969,39158,70624,36.1539816,-95.992775
Utica,NY,2002,4725,6338,8225,13705,43.100903,-75.232664
Victoria,TX,2002,2278,2581,3001,7059,28.8052674,-97.0035982
Visalia,CA,2002,5119,9534,11201,15454,36.3302284,-119.2920585
Wilmington,NC,2002,6772,8101,9055,20113,34.2257255,-77.9447102
York,PA,2002,6499,8827,12784,21983,39.9625984,-76.727745
Youngstown,OH,2002,10691,12947,17195,41400,41.0997803,-80.6495194
Akron,OH,2007,12962,16278,27307,41837,41.0814447,-81.5190053
Albany,GA,2007,2737,2454,4177,7575,31.5785074,-84.155741
Alexandria,LA,2007,2850,2798,5486,6553,31.3112936,-92.4451371
Altoona,PA,2007,2674,2390,4166,6247,40.5186809,-78.3947359
Amarillo,TX,2007,4729,4969,8732,14931,35.2219971,-101.8312969
Ames,IA,2007,1668,1595,2889,3821,42.02335,-93.625622
Anchorage,AK,2007,7574,11532,17912,26900,61.2180556,-149.9002778
Anderson,SC,2007,3127,3386,4756,6692,34.5034394,-82.6501332
Appleton,WI,2007,4763,4857,8775,14003,44.2619309,-88.4153847
Atlanta,GA,2007,94666,156413,257858,359617,33.7489954,-84.3879824
Augusta,GA,2007,8153,9317,15958,23062,33.47,-81.975
Austin,TX,2007,28059,54498,78863,91034,30.267153,-97.7430608
Bakersfield,CA,2007,9601,16183,22705,34455,35.3732921,-119.0187125
Baltimore,MD,2007,49843,57947,108746,162608,39.2903848,-76.6121893
Bangor,ME,2007,3348,3349,4630,7410,44.8011821,-68.7778138
Baton Rouge,LA,2007,13553,16893,32646,44851,30.4507462,-91.154551
Battle Creek,MI,2007,2304,2079,3709,6141,42.3211522,-85.1797142
Bay City,MI,2007,1955,1441,2820,5217,43.5944677,-83.8888647
Bend,OR,2007,5279,4750,7200,9184,44.0581728,-121.3153096
Billings,MT,2007,4716,3463,10362,8338,45.7832856,-108.5006904
Binghamton,NY,2007,3920,4327,7457,11045,42.0986867,-75.9179738
Birmingham,AL,2007,20098,32995,45943,67087,33.5206608,-86.80249
Bloomington,IL,2007,3092,3164,5611,8108,40.4842027,-88.9936873
Bowling Green,KY,2007,2307,2463,4660,6522,36.9903199,-86.4436018
Buffalo,NY,2007,19893,22755,42954,64520,42.8864468,-78.8783689
Canton,OH,2007,7429,6145,13412,18408,40.7989473,-81.378447
Champaign,IL,2007,4049,4260,7662,11657,39.8403147,-88.9548001
Charleston,SC,2007,12735,19617,28121,35483,32.7765656,-79.9309216
Charlotte,NC,2007,32047,58207,111359,119944,35.2270869,-80.8431267
Charlottesville,VA,2007,4807,4077,7393,10733,38.0293059,-78.4766781
Chattanooga,TN,2007,8766,10662,25970,34846,35.0456297,-85.3096801
Chicago,IL,2007,173767,229702,439334,633109,41.850033,-87.6500523
Cincinnati,OH,2007,34023,60305,95283,142714,39.1361111,-84.5030556
Columbia,SC,2007,12937,15907,29655,45762,34.0007104,-81.0348144
Columbus,GA,2007,1228,1037,1868,2258,32.4609764,-84.9877094
Columbus,OH,2007,28182,50750,73224,111101,39.9611755,-82.9987942
Corpus Christi,TX,2007,7452,7277,17300,29165,27.8005828,-97.396381
Dayton,OH,2007,13338,18387,27764,62408,39.7589478,-84.1916069
Decatur,AL,2007,2607,1992,4809,6044,34.6059253,-86.9833417
Denver,CO,2007,53140,85692,123630,182913,39.7391536,-104.9847034
Detroit,MI,2007,74181,94159,161373,327035,42.331427,-83.0457538
Dothan,AL,2007,3094,2839,7410,9867,31.2232313,-85.3904888
Durham,NC,2007,8780,10803,19737,31355,35.9940329,-78.898619
Eau Claire,WI,2007,3346,2256,5890,8234,44.811349,-91.4984941
El Centro,CA,2007,2078,4706,9339,6477,32.792,-115.5630514
Elkhart,IN,2007,4120,4495,8764,18766,41.6819935,-85.9766671
Elmira,NY,2007,1475,1546,2594,3446,42.0897965,-76.8077338
El Paso,TX,2007,9590,13442,23796,33558,31.7587198,-106.4869314
Erie,PA,2007,5020,5366,9397,13961,42.1292241,-80.085059
Eugene,OR,2007,8087,6586,12131,17166,44.0520691,-123.0867536
Evansville,IN,2007,6805,6766,16813,24797,37.9747644,-87.5558482
Fairbanks,AK,2007,1922,1496,3562,4046,64.8377778,-147.7163889
Fayetteville,NC,2007,4663,6730,14552,14438,35.0526641,-78.8783585
Florence,AL,2007,2715,3098,5001,8771,34.79981,-87.677251
Gainesville,FL,2007,4827,6186,8094,12262,29.6516344,-82.3248262
Great Falls,MT,2007,2138,1457,3061,3852,47.5002354,-111.3008083
Gulfport,MS,2007,4060,6301,16336,12968,30.3674198,-89.0928155
Hagerstown,MD,2007,4299,4180,6230,12127,39.6417629,-77.7199932
Harrisonburg,VA,2007,2584,2653,4310,7109,38.4495688,-78.8689155
Hartford,CT,2007,22458,31441,54503,78924,41.7637111,-72.6850932
Honolulu,HI,2007,16695,19262,36820,48800,21.3069444,-157.8583333
Houston,TX,2007,85146,153811,311739,338510,29.7628844,-95.3830615
Huntington,WV,2007,4626,5158,9928,13775,38.4192496,-82.445154
Indianapolis,IN,2007,30500,48602,85429,134469,39.7683765,-86.1580423
Iowa City,IA,2007,3020,2076,9549,7536,41.677204,-91.5162792
Jackson,MS,2007,9859,12134,18105,34589,32.2987573,-90.1848103
Jackson,TN,2007,2313,2826,4693,6582,35.6145169,-88.8139469
Jacksonville,FL,2007,25120,39424,54049,100610,30.3321838,-81.655651
Jefferson City,MO,2007,3052,2833,4677,6900,38.5767017,-92.1735164
Jonesboro,AR,2007,2328,2915,3518,6670,35.8422967,-90.704279
Kansas City,MO,2007,37744,51413,86651,128576,39.0997265,-94.5785667
Kennewick,WA,2007,4086,4344,7251,9550,46.2112458,-119.1372338
Knoxville,TN,2007,12380,15026,33362,48275,35.9606384,-83.9207392
Lafayette,IN,2007,3212,3972,6109,8810,40.4167022,-86.8752869
Lafayette,LA,2007,6760,7607,17790,18807,30.2240897,-92.0198427
Lake Charles,LA,2007,3515,2635,7003,9930,30.2265949,-93.2173758
Lansing,MI,2007,7845,8858,16197,23159,42.732535,-84.5555347
Laredo,TX,2007,3879,4985,7341,9754,27.506407,-99.5075421
Las Vegas,NV,2007,28140,68951,104851,143426,36.114646,-115.172816
Lawton,OK,2007,1838,1863,3315,4361,34.6086854,-98.3903305
Lexington,KY,2007,9198,12085,20970,30202,38.0317136,-84.4951359
Lima,OH,2007,2229,2173,3601,6865,40.742551,-84.1052256
Longview,TX,2007,4325,4928,8641,10725,32.5007037,-94.7404891
Los Angeles,CA,2007,250509,329652,584168,904615,34.0522342,-118.2436849
Lubbock,TX,2007,5489,6607,10380,15974,33.5778631,-101.8551665
Lynchburg,VA,2007,5042,4853,8717,12906,37.4137536,-79.1422464
Macon,GA,2007,4362,4173,6809,12084,32.8406946,-83.6324022
Madison,WI,2007,11943,13822,30026,33575,43.0730517,-89.4012302
Manchester,NH,2007,8583,8312,17305,25682,42.9956397,-71.4547891
Mankato,MN,2007,2149,2588,4087,6004,44.1635775,-93.9993996
McAllen,TX,2007,7808,13086,19969,25041,26.2034071,-98.2300124
Memphis,TN,2007,18804,32837,73392,93084,35.1495343,-90.0489801
Midland,TX,2007,3570,4524,10338,8181,31.9973456,-102.0779146
Milwaukee,WI,2007,29703,37635,70239,97781,43.0389025,-87.9064736
Missoula,MT,2007,3535,4082,4506,8369,46.872146,-113.9939982
Modesto,CA,2007,7300,8078,14162,23224,37.6390972,-120.9968782
Montgomery,AL,2007,6250,7059,15984,20583,32.3668052,-86.2999689
Myrtle Beach,SC,2007,6653,8325,12771,17428,33.6890603,-78.8866943
Naples,FL,2007,8248,9602,11107,62503,26.1420358,-81.7948103
Nashville,TN,2007,27483,45354,77860,110886,36.1658899,-86.7844432
New Haven,CT,2007,16081,16040,30794,45641,41.3081527,-72.9281577
New Orleans,LA,2007,21769,36665,71299,66658,29.9647222,-90.0705556
New York,NY,2007,413353,440237,783899,1156210,40.7142691,-74.0059729
Oklahoma City,OK,2007,24320,30542,52437,73282,35.4675602,-97.5164276
Omaha,NE,2007,16264,22142,37290,54566,41.254006,-95.999258
Panama City,FL,2007,3643,3556,8308,9733,30.1588129,-85.6602058
Parkersburg,WV,2007,3127,2822,5794,8768,39.2667418,-81.5615135
Pensacola,FL,2007,7274,9070,10164,25426,30.421309,-87.2169149
Philadelphia,PA,2007,107318,144981,260373,366610,39.952335,-75.163789
Phoenix,AZ,2007,62978,125061,235438,297252,33.4483771,-112.0740373
Pine Bluff,AR,2007,1497,1007,1647,4705,34.2284312,-92.0031955
Pittsburgh,PA,2007,43550,50902,99630,137685,40.4406248,-79.9958864
Pocatello,ID,2007,1846,2438,3220,4509,42.8713032,-112.4455344
Portland,OR,2007,46997,51720,97727,130503,45.5234515,-122.6762071
Pueblo,CO,2007,2665,3369,4165,6033,38.2544472,-104.6091409
Rapid City,SD,2007,3386,2460,4066,7422,44.0805434,-103.2310149
Redding,CA,2007,3876,3551,5547,8989,40.5865396,-122.3916754
Reno,NV,2007,9798,13797,22636,33298,39.5296329,-119.8138027
Rochester,NY,2007,17366,20064,36495,57032,43.1547845,-77.6155567
Rockford,IL,2007,6178,6868,13488,17375,42.2711311,-89.0939952
St. Joseph,MO,2007,2493,2468,5140,6076,39.7577778,-94.8363889
St. Louis,MO,2007,52070,65621,126581,174705,38.646991,-90.224967
Salinas,CA,2007,7072,8285,13223,18767,36.6777372,-121.6555013
Salisbury,MD,2007,2509,1529,4221,6217,38.3606736,-75.5993692
Salt Lake City,UT,2007,23980,34975,73159,81951,40.7607793,-111.8910474
San Angelo,TX,2007,2205,2076,3270,4895,31.4637723,-100.4370375
San Antonio,TX,2007,28348,57374,92766,112767,29.4241219,-98.4936282
San Diego,CA,2007,57016,76027,124035,198088,32.7153292,-117.1572551
San Jose,CA,2007,35534,46148,109380,121942,37.3393857,-121.8949555
San Luis Obispo,CA,2007,6546,7344,10063,16575,35.2827524,-120.6596156
Santa Fe,NM,2007,4166,3143,4835,7269,35.6869752,-105.937799
Savannah,GA,2007,6662,10400,14562,21268,32.0835407,-81.0998342
Scranton,PA,2007,10321,9823,20597,30825,41.408969,-75.6624122
Shreveport,LA,2007,6903,6977,15310,20870,32.5251516,-93.7501789
Sioux City,IA,2007,3030,4760,5635,11302,42.4999942,-96.4003069
Sioux Falls,SD,2007,5615,5532,12141,13612,43.5499749,-96.700327
Spokane,WA,2007,9724,9981,20868,23708,47.6587802,-117.4260466
Springfield,IL,2007,4442,4189,6920,10181,39.8403147,-88.9548001
Springfield,MO,2007,8824,9749,16862,26750,37.215326,-93.2982436
Syracuse,NY,2007,11574,11900,23751,33371,43.0481221,-76.1474244
Terre Haute,IN,2007,3020,2998,5498,9123,39.4667034,-87.4139092
Toledo,OH,2007,11489,14141,25308,42378,41.6639383,-83.555212
Topeka,KS,2007,4659,5144,6403,14049,39.0483336,-95.6780371
Tucson,AZ,2007,15472,19511,34725,52696,32.2217429,-110.926479
Tulsa,OK,2007,18392,21069,46291,58134,36.1539816,-95.992775
Utica,NY,2007,4675,3593,8646,14588,43.100903,-75.232664
Victoria,TX,2007,2338,2922,3477,4305,28.8052674,-97.0035982
Visalia,CA,2007,5390,7099,15472,22964,36.3302284,-119.2920585
Wilmington,NC,2007,8112,11450,13795,20632,34.2257255,-77.9447102
York,PA,2007,6730,8247,13497,19078,39.9625984,-76.727745
Youngstown,OH,2007,10356,9588,17946,26284,41.0997803,-80.6495194
Akron,OH,2012,12019,10838,25113,31771,41.0814447,-81.5190053
Albany,GA,2012,2553,2987,4487,5222,31.5785074,-84.155741
Alexandria,LA,2012,2740,1665,4389,5828,31.3112936,-92.4451371
Altoona,PA,2012,2585,1558,4277,5507,40.5186809,-78.3947359
Amarillo,TX,2012,4782,4253,7865,9453,35.2219971,-101.8312969
Ames,IA,2012,1658,1713,2903,3637,42.02335,-93.625622
Anchorage,AK,2012,7601,8115,18269,23638,61.2180556,-149.9002778
Anderson,SC,2012,2873,2151,5689,5754,34.5034394,-82.6501332
Appleton,WI,2012,4610,3443,8569,10962,44.2619309,-88.4153847
Atlanta,GA,2012,88677,129692,218370,280851,33.7489954,-84.3879824
Augusta,GA,2012,7562,8090,15171,21669,33.47,-81.975
Austin,TX,2012,30902,42357,74939,81122,30.267153,-97.7430608
Bakersfield,CA,2012,9337,20606,24144,29772,35.3732921,-119.0187125
Baltimore,MD,2012,46957,51447,104027,125733,39.2903848,-76.6121893
Bangor,ME,2012,3157,1834,5387,6134,44.8011821,-68.7778138
Baton Rouge,LA,2012,13453,14044,33902,37520,30.4507462,-91.154551
Battle Creek,MI,2012,2073,1256,4735,5240,42.3211522,-85.1797142
Bay City,MI,2012,1795,1720,2965,3764,43.5944677,-83.8888647
Bend,OR,2012,4535,2662,4970,6932,44.0581728,-121.3153096
Billings,MT,2012,4704,3336,6970,7996,45.7832856,-108.5006904
Binghamton,NY,2012,3919,2199,8012,7397,42.0986867,-75.9179738
Birmingham,AL,2012,18543,17760,42824,55640,33.5206608,-86.80249
Bloomington,IL,2012,2994,2350,4967,6609,40.4842027,-88.9936873
Bowling Green,KY,2012,2274,3186,4046,4661,36.9903199,-86.4436018
Buffalo,NY,2012,19679,13712,44019,45593,42.8864468,-78.8783689
Canton,OH,2012,6768,5598,13572,15507,40.7989473,-81.378447
Champaign,IL,2012,3823,2517,7031,7778,39.8403147,-88.9548001
Charleston,SC,2012,12033,13575,28404,32899,32.7765656,-79.9309216
Charlotte,NC,2012,30927,41223,102381,95017,35.2270869,-80.8431267
Charlottesville,VA,2012,4531,2800,6460,8615,38.0293059,-78.4766781
Chattanooga,TN,2012,8179,9922,19595,22312,35.0456297,-85.3096801
Chicago,IL,2012,167038,183280,377628,479014,41.850033,-87.6500523
Cincinnati,OH,2012,31464,39002,93256,107714,39.1361111,-84.5030556
Columbia,SC,2012,12233,11479,25021,35688,34.0007104,-81.0348144
Columbus,GA,2012,1115,1246,1509,1937,32.4609764,-84.9877094
Columbus,OH,2012,26871,38013,107490,85818,39.9611755,-82.9987942
Corpus Christi,TX,2012,7070,7818,17416,18200,27.8005828,-97.396381
Dayton,OH,2012,12256,14660,28359,37094,39.7589478,-84.1916069
Decatur,AL,2012,2488,2020,4056,6973,34.6059253,-86.9833417
Denver,CO,2012,52072,59418,112491,134672,39.7391536,-104.9847034
Detroit,MI,2012,69063,72090,178856,198282,42.331427,-83.0457538
Dothan,AL,2012,2816,2479,4235,6102,31.2232313,-85.3904888
Durham,NC,2012,8736,7556,18769,21998,35.9940329,-78.898619
Eau Claire,WI,2012,3354,3413,6554,8466,44.811349,-91.4984941
El Centro,CA,2012,1924,2526,3179,5165,32.792,-115.5630514
Elkhart,IN,2012,3824,4837,12034,9064,41.6819935,-85.9766671
Elmira,NY,2012,1414,1655,2142,4115,42.0897965,-76.8077338
El Paso,TX,2012,9904,11328,22245,29703,31.7587198,-106.4869314
Erie,PA,2012,4761,3942,9401,12567,42.1292241,-80.085059
Eugene,OR,2012,7453,4717,11250,13467,44.0520691,-123.0867536
Evansville,IN,2012,6442,6887,13113,18006,37.9747644,-87.5558482
Fairbanks,AK,2012,1830,911,2501,3829,64.8377778,-147.7163889
Fayetteville,NC,2012,4557,5258,8962,12648,35.0526641,-78.8783585
Florence,AL,2012,2584,1542,4211,6289,34.79981,-87.677251
Gainesville,FL,2012,4670,3183,7187,9292,29.6516344,-82.3248262
Great Falls,MT,2012,1956,1066,2851,3704,47.5002354,-111.3008083
Gulfport,MS,2012,3856,3570,7973,12091,30.3674198,-89.0928155
Hagerstown,MD,2012,3926,3062,8264,7339,39.6417629,-77.7199932
Harrisonburg,VA,2012,2464,1483,4571,4460,38.4495688,-78.8689155
Hartford,CT,2012,21289,19509,60420,56630,41.7637111,-72.6850932
Honolulu,HI,2012,15688,12946,31139,34328,21.3069444,-157.8583333
Houston,TX,2012,88701,148843,274418,280194,29.7628844,-95.3830615
Huntington,WV,2012,4189,2542,7518,9687,38.4192496,-82.445154
Indianapolis,IN,2012,29043,46924,84978,93929,39.7683765,-86.1580423
Iowa City,IA,2012,3070,2237,4489,7484,41.677204,-91.5162792
Jackson,MS,2012,9481,8365,20019,22568,32.2987573,-90.1848103
Jackson,TN,2012,2260,3149,4395,6325,35.6145169,-88.8139469
Jacksonville,FL,2012,23615,27598,56664,70227,30.3321838,-81.655651
Jefferson City,MO,2012,2872,1570,3812,5162,38.5767017,-92.1735164
Jonesboro,AR,2012,2246,1954,3863,4754,35.8422967,-90.704279
Kansas City,MO,2012,35485,42282,80258,99335,39.0997265,-94.5785667
Kennewick,WA,2012,4253,4296,6990,10597,46.2112458,-119.1372338
Knoxville,TN,2012,11441,10329,32797,34339,35.9606384,-83.9207392
Lafayette,IN,2012,3116,2611,7909,6593,40.4167022,-86.8752869
Lafayette,LA,2012,7003,7215,15111,18071,30.2240897,-92.0198427
Lake Charles,LA,2012,3372,1961,6550,8056,30.2265949,-93.2173758
Lansing,MI,2012,7238,6505,13005,18093,42.732535,-84.5555347
Laredo,TX,2012,3976,4018,8129,8454,27.506407,-99.5075421
Las Vegas,NV,2012,27110,40579,72459,94277,36.114646,-115.172816
Lawton,OK,2012,1784,1281,3175,3803,34.6086854,-98.3903305
Lexington,KY,2012,8868,8240,22415,21055,38.0317136,-84.4951359
Lima,OH,2012,2039,2084,3652,5173,40.742551,-84.1052256
Longview,TX,2012,4355,4293,9330,9996,32.5007037,-94.7404891
Los Angeles,CA,2012,243398,265754,529421,667553,34.0522342,-118.2436849
Lubbock,TX,2012,5541,5342,9643,13601,33.5778631,-101.8551665
Lynchburg,VA,2012,4600,3174,7916,10212,37.4137536,-79.1422464
Macon,GA,2012,4001,2568,6797,9218,32.8406946,-83.6324022
Madison,WI,2012,11536,8811,26136,28513,43.0730517,-89.4012302
Manchester,NH,2012,8251,6828,16072,29431,42.9956397,-71.4547891
Mankato,MN,2012,2138,1484,3987,4300,44.1635775,-93.9993996
McAllen,TX,2012,8568,10042,17306,21496,26.2034071,-98.2300124
Memphis,TN,2012,17437,19501,51356,57546,35.1495343,-90.0489801
Midland,TX,2012,3906,5016,12263,7525,31.9973456,-102.0779146
Milwaukee,WI,2012,27162,25772,62285,75426,43.0389025,-87.9064736
Missoula,MT,2012,3357,3778,4156,5292,46.872146,-113.9939982
Modesto,CA,2012,6502,4818,13247,14779,37.6390972,-120.9968782
Montgomery,AL,2012,5716,4453,10263,14735,32.3668052,-86.2999689
Myrtle Beach,SC,2012,5857,5478,8329,11313,33.6890603,-78.8866943
Naples,FL,2012,7867,7066,9056,11720,26.1420358,-81.7948103
Nashville,TN,2012,26390,34743,64617,78092,36.1658899,-86.7844432
New Haven,CT,2012,14927,9765,29304,35207,41.3081527,-72.9281577
New Orleans,LA,2012,21911,23353,47536,57603,29.9647222,-90.0705556
New York,NY,2012,412508,362669,746921,887690,40.7142691,-74.0059729
Oklahoma City,OK,2012,24935,26046,49768,57239,35.4675602,-97.5164276
Omaha,NE,2012,16108,15804,36184,43273,41.254006,-95.999258
Panama City,FL,2012,3356,3564,5336,8336,30.1588129,-85.6602058
Parkersburg,WV,2012,2904,2106,4990,7376,39.2667418,-81.5615135
Pensacola,FL,2012,6567,7243,14937,14336,30.421309,-87.2169149
Philadelphia,PA,2012,103067,107954,228086,292790,39.952335,-75.163789
Phoenix,AZ,2012,57807,93941,166468,217053,33.4483771,-112.0740373
Pine Bluff,AR,2012,1350,677,2029,3191,34.2284312,-92.0031955
Pittsburgh,PA,2012,41695,44719,107416,119798,40.4406248,-79.9958864
Pocatello,ID,2012,1718,3031,2448,4999,42.8713032,-112.4455344
Portland,OR,2012,45850,45814,92031,107198,45.5234515,-122.6762071
Pueblo,CO,2012,2458,1882,3582,4919,38.2544472,-104.6091409
Rapid City,SD,2012,3423,2329,4678,4670,44.0805434,-103.2310149
Redding,CA,2012,3354,2170,4173,5524,40.5865396,-122.3916754
Reno,NV,2012,8945,14338,16068,21168,39.5296329,-119.8138027
Rochester,NY,2012,17487,13766,37010,42566,43.1547845,-77.6155567
Rockford,IL,2012,5709,5777,12276,15595,42.2711311,-89.0939952
St. Joseph,MO,2012,2287,1944,4236,5493,39.7577778,-94.8363889
St. Louis,MO,2012,49170,54143,107784,141995,38.646991,-90.224967
Salinas,CA,2012,6533,6620,12442,14369,36.6777372,-121.6555013
Salisbury,MD,2012,2267,2144,3072,4828,38.3606736,-75.5993692
Salt Lake City,UT,2012,23142,29725,56434,70823,40.7607793,-111.8910474
San Angelo,TX,2012,2219,1588,3695,4498,31.4637723,-100.4370375
San Antonio,TX,2012,28595,43999,77817,101822,29.4241219,-98.4936282
San Diego,CA,2012,55522,61757,116319,150994,32.7153292,-117.1572551
San Jose,CA,2012,35174,44353,95191,107815,37.3393857,-121.8949555
San Luis Obispo,CA,2012,6156,4345,8287,10610,35.2827524,-120.6596156
Santa Fe,NM,2012,3787,2411,3237,6927,35.6869752,-105.937799
Savannah,GA,2012,6320,7712,12060,18370,32.0835407,-81.0998342
Scranton,PA,2012,9820,10082,21569,24306,41.408969,-75.6624122
Shreveport,LA,2012,6988,5496,13323,18799,32.5251516,-93.7501789
Sioux City,IA,2012,2990,2323,4820,6212,42.4999942,-96.4003069
Sioux Falls,SD,2012,5628,6169,9685,12136,43.5499749,-96.700327
Spokane,WA,2012,9018,7527,14467,20026,47.6587802,-117.4260466
Springfield,IL,2012,4205,3385,8272,10604,39.8403147,-88.9548001
Springfield,MO,2012,8209,8645,15339,19108,37.215326,-93.2982436
Syracuse,NY,2012,11446,8362,24706,26330,43.0481221,-76.1474244
Terre Haute,IN,2012,2900,4331,5409,5724,39.4667034,-87.4139092
Toledo,OH,2012,10560,8808,24974,30864,41.6639383,-83.555212
Topeka,KS,2012,4270,3272,7207,8957,39.0483336,-95.6780371
Tucson,AZ,2012,14098,14476,29270,36762,32.2217429,-110.926479
Tulsa,OK,2012,17872,18507,35917,44770,36.1539816,-95.992775
Utica,NY,2012,4619,2716,7373,9396,43.100903,-75.232664
Victoria,TX,2012,2319,2215,4145,5435,28.8052674,-97.0035982
Visalia,CA,2012,5068,14684,10840,15485,36.3302284,-119.2920585
Wilmington,NC,2012,7436,5578,9706,16308,34.2257255,-77.9447102
York,PA,2012,6478,8330,13379,15809,39.9625984,-76.727745
Youngstown,OH,2012,9445,6999,19303,20662,41.0997803,-80.6495194
